SEid;SECompanyName;SEticker;SEHeadline;MergeComnam;
13534920;RYB Education Inc;RYB.N;Q3 2020 RYB Education Inc Earnings Call;R Y B EDUCATION INC;
11716889;RYB Education Inc;RYB.N;Q2 2018 RYB Education Inc Earnings Call;R Y B EDUCATION INC;
11502540;RYB Education Inc;RYB.N;Q1 2018 RYB Education Inc Earnings Call;R Y B EDUCATION INC;
13067083;Ra Medical Systems Inc;RMED.N;Q4 2019 Ra Medical Systems Inc Earnings Call;R A MEDICAL SYSTEMS INC;
13170973;Ra Medical Systems Inc;RMED.N;Q1 2020 Ra Medical Systems Inc Earnings Call;R A MEDICAL SYSTEMS INC;
13477921;Ra Medical Systems Inc;RMED.N;Q3 2020 Ra Medical Systems Inc Earnings Call;R A MEDICAL SYSTEMS INC;
13313152;Ra Medical Systems Inc;RMED.N;Q2 2020 Ra Medical Systems Inc Earnings Call;R A MEDICAL SYSTEMS INC;
1206594;Silicon Graphics International Corp;SGI;Q4 2005 RACKABLE SYSTEMS INC Earnings Conference Call;RACKABLE SYSTEMS INC;
1277027;Silicon Graphics International Corp;SGI;Q1 2006 RACKABLE SYSTEMS INC Earnings Conference Call;RACKABLE SYSTEMS INC;
1348136;Silicon Graphics International Corp;SGI;Q2 2006 RACKABLE SYSTEMS INC Earnings Conference Call;RACKABLE SYSTEMS INC;
1157881;Silicon Graphics International Corp;SGI;Q3 2005 RACKABLE SYSTEMS INC Earnings Conference Call;RACKABLE SYSTEMS INC;
1997187;Silicon Graphics International Corp;SGI;Q3 2008 Rackable Systems, Inc. Earnings Conference Call;RACKABLE SYSTEMS INC;
1823007;Silicon Graphics International Corp;SGI;Q1 2008 Rackable Systems, Inc. Earnings Conference Call;RACKABLE SYSTEMS INC;
1900103;Silicon Graphics International Corp;SGI;Q2 2008 Rackable Systems, Inc. Earnings Conference Call;RACKABLE SYSTEMS INC;
1741924;Silicon Graphics International Corp;SGI;Q4 2007 Rackable Systems, Inc. Earnings Conference Call;RACKABLE SYSTEMS INC;
1398534;Silicon Graphics International Corp;SGI;Q3 2006 Rackable Systems, Inc. Earnings Conference Call;RACKABLE SYSTEMS INC;
1523967;Silicon Graphics International Corp;SGI;Q1 2007 Rackable Systems, Inc. Earnings Conference Call;RACKABLE SYSTEMS INC;
1669557;Silicon Graphics International Corp;SGI;Q3 2007 Rackable Systems, Inc. Earnings Conference Call;RACKABLE SYSTEMS INC;
1599749;Silicon Graphics International Corp;SGI;Q2 2007 Rackable Systems, Inc. Earnings Conference Call;RACKABLE SYSTEMS INC;
1459078;Silicon Graphics International Corp;SGI;Q4 2006 Rackable Systems, Inc. Earnings Conference Call;RACKABLE SYSTEMS INC;
1523970;Silicon Graphics International Corp;SGI;Preliminary Q1 2007 Rackable Systems, Inc. Earnings Conference Call;RACKABLE SYSTEMS INC;
2170426;Silicon Graphics International Corp;SGI;Q1 2009 Rackable Systems, Inc. Earnings Conference Call;RACKABLE SYSTEMS INC;
2070895;Silicon Graphics International Corp;SGI;Q4 2008 Rackable Systems, Inc. Earnings Conference Call;RACKABLE SYSTEMS INC;
5135880;Rackspace Hosting Inc;RAX;Q2 2013 Rackspace Hosting, Inc. Earnings Conference Call;RACKSPACE HOSTING INC;
4989292;Rackspace Hosting Inc;RAX;Q4 2012 Rackspace Hosting, Inc. Earnings Conference Call;RACKSPACE HOSTING INC;
5200153;Rackspace Hosting Inc;RAX;Q3 2013 Rackspace Hosting, Inc. Earnings Conference Call;RACKSPACE HOSTING INC;
5067417;Rackspace Hosting Inc;RAX;Q1 2013 Rackspace Hosting, Inc. Earnings Conference Call;RACKSPACE HOSTING INC;
5354844;Rackspace Hosting Inc;RAX;Q1 2014 Rackspace Hosting, Inc. Earnings Conference Call;RACKSPACE HOSTING INC;
5507190;Rackspace Hosting Inc;RAX;Q3 2014 Rackspace Hosting Inc Earnings Call;RACKSPACE HOSTING INC;
5433902;Rackspace Hosting Inc;RAX;Q2 2014 Rackspace Hosting Inc Earnings Call;RACKSPACE HOSTING INC;
5272176;Rackspace Hosting Inc;RAX;Q4 2013 Rackspace Hosting, Inc. Earnings Conference Call;RACKSPACE HOSTING INC;
5604249;Rackspace Hosting Inc;RAX;Q4 2014 Rackspace Hosting Inc Earnings Call;RACKSPACE HOSTING INC;
5833626;Rackspace Hosting Inc;RAX;Q3 2015 Rackspace Hosting Inc Earnings Call;RACKSPACE HOSTING INC;
5767303;Rackspace Hosting Inc;RAX;Q2 2015 Rackspace Hosting Inc Earnings Call;RACKSPACE HOSTING INC;
5693971;Rackspace Hosting Inc;RAX;Q1 2015 Rackspace Hosting Inc Earnings Call;RACKSPACE HOSTING INC;
4864426;Rackspace Hosting Inc;RAX;Q2 2012 Rackspace Hosting, Inc. Earnings Conference Call;RACKSPACE HOSTING INC;
4784358;Rackspace Hosting Inc;RAX;Q1 2012 Rackspace Hosting, Inc. Earnings Conference Call;RACKSPACE HOSTING INC;
4708079;Rackspace Hosting Inc;RAX;Q4 2011 Rackspace Hosting, Inc. Earnings Conference Call;RACKSPACE HOSTING INC;
4928378;Rackspace Hosting Inc;RAX;Q3 2012 Rackspace Hosting, Inc. Earnings Conference Call;RACKSPACE HOSTING INC;
2009438;Rackspace Hosting Inc;RAX;Q3 2008 Rackspace Hosting, Inc. Earnings Conference Call;RACKSPACE HOSTING INC;
1942843;Rackspace Hosting Inc;RAX;Q2 2008 Rackspace Hosting, Inc. Earnings Conference Call;RACKSPACE HOSTING INC;
2090854;Rackspace Hosting Inc;RAX;Q4 2008 Rackspace Hosting, Inc. Earnings Conference Call;RACKSPACE HOSTING INC;
2484214;Rackspace Hosting Inc;RAX;Q3 2009 Rackspace Hosting, Inc. Earnings Conference Call;RACKSPACE HOSTING INC;
2195771;Rackspace Hosting Inc;RAX;Q1 2009 Rackspace Hosting, Inc. Earnings Conference Call;RACKSPACE HOSTING INC;
2346834;Rackspace Hosting Inc;RAX;Q2 2009 Rackspace Hosting, Inc. Earnings Conference Call;RACKSPACE HOSTING INC;
3225787;Rackspace Hosting Inc;RAX;Q2 2010 Rackspace Hosting, Inc. Earnings Conference Call;RACKSPACE HOSTING INC;
3439991;Rackspace Hosting Inc;RAX;Q3 2010 Rackspace Hosting, Inc. Earnings Conference Call;RACKSPACE HOSTING INC;
2723718;Rackspace Hosting Inc;RAX;Q4 2009 Rackspace Hosting, Inc. Earnings Conference Call;RACKSPACE HOSTING INC;
3020564;Rackspace Hosting Inc;RAX;Q1 2010 Rackspace Hosting, Inc. Earnings Conference Call;RACKSPACE HOSTING INC;
3967382;Rackspace Hosting Inc;RAX;Q1 2011 Rackspace Hosting Inc Earnings Conference Call;RACKSPACE HOSTING INC;
4216906;Rackspace Hosting Inc;RAX;Q3 2011 Rackspace Hosting Inc Earnings Conference Call;RACKSPACE HOSTING INC;
4149793;Rackspace Hosting Inc;RAX;Q2 2011 Rackspace Hosting Inc Earnings Conference Call;RACKSPACE HOSTING INC;
3695310;Rackspace Hosting Inc;RAX;Q4 2010 Rackspace Hosting, Inc. Earnings Conference Call;RACKSPACE HOSTING INC;
5983341;Rackspace Hosting Inc;RAX;Q1 2016 Rackspace Hosting Inc Earnings Call;RACKSPACE HOSTING INC;
6061371;Rackspace Hosting Inc;RAX;Q2 2016 Rackspace Hosting Inc Earnings Call;RACKSPACE HOSTING INC;
5907955;Rackspace Hosting Inc;RAX;Q4 2015 Rackspace Hosting Inc Earnings Call;RACKSPACE HOSTING INC;
13474150;Rackspace Technology Inc;RXT.OQ;Q3 2020 Rackspace Technology Inc Earnings Call;RACKSPACE TECHNOLOGY INC;
13335265;Rackspace Technology Inc;RXT.OQ;Q2 2020 Rackspace Technology Inc Earnings Call;RACKSPACE TECHNOLOGY INC;
5446213;RadNet Inc;RDNT;Q2 2014 RadNet Inc Earnings Call;RADNET INC;
5517638;RadNet Inc;RDNT;Q3 2014 RadNet Inc Earnings Call;RADNET INC;
5645045;RadNet Inc;RDNT;Q4 2014 RadNet Inc Earnings Call;RADNET INC;
5706231;RadNet Inc;RDNT;Q1 2015 RadNet Inc Earnings Call;RADNET INC;
5782165;RadNet Inc;RDNT;Q2 2015 RadNet Inc Earnings Call;RADNET INC;
5850835;RadNet Inc;RDNT;Q3 2015 RadNet Inc Earnings Call;RADNET INC;
10756108;RadNet Inc;RDNT;Q2 2017 RadNet Inc Earnings Call;RADNET INC;
10382655;RadNet Inc;RDNT;Q1 2017 RadNet Inc Earnings Call;RADNET INC;
8975520;RadNet Inc;RDNT;Q4 2016 RadNet Inc Earnings Call;RADNET INC;
11070022;RadNet Inc;RDNT;Q3 2017 RadNet Inc Earnings Call;RADNET INC;
12519470;RadNet Inc;RDNT;Q1 2019 RadNet Inc Earnings Call;RADNET INC;
12851378;RadNet Inc;RDNT;Q3 2019 RadNet Inc Earnings Call;RADNET INC;
12630792;RadNet Inc;RDNT;Q2 2019 RadNet Inc Earnings Call;RADNET INC;
12392957;RadNet Inc;RDNT;Q4 2018 RadNet Inc Earnings Call;RADNET INC;
13048517;RadNet Inc;RDNT;Q4 2019 RadNet Inc Earnings Call;RADNET INC;
13296276;RadNet Inc;RDNT.OQ;Q2 2020 RadNet Inc Earnings Call;RADNET INC;
13469760;RadNet Inc;RDNT.OQ;Q3 2020 RadNet Inc Earnings Call;RADNET INC;
13156252;RadNet Inc;RDNT;Q1 2020 RadNet Inc Earnings Call;RADNET INC;
11497642;RadNet Inc;RDNT;Q1 2018 RadNet Inc Earnings Call;RADNET INC;
11353311;RadNet Inc;RDNT;Q4 2017 RadNet Inc Earnings Call;RADNET INC;
11688542;RadNet Inc;RDNT;Q2 2018 RadNet Inc Earnings Call;RADNET INC;
12147577;RadNet Inc;RDNT;Q3 2018 RadNet Inc Earnings Call;RADNET INC;
5992261;RadNet Inc;RDNT;Q1 2016 RadNet Inc Earnings Call;RADNET INC;
6472804;RadNet Inc;RDNT;Q3 2016 RadNet Inc Earnings Call;RADNET INC;
5937411;RadNet Inc;RDNT;Q4 2015 RadNet Inc Earnings Call;RADNET INC;
6070121;RadNet Inc;RDNT;Q2 2016 RadNet Inc Earnings Call;RADNET INC;
3997035;RadNet Inc;RDNT;Q1 2011 Radnet Inc Earnings Conference Call;RADNET INC;
4229898;RadNet Inc;RDNT;Q3 2011 Radnet Inc Earnings Conference Call;RADNET INC;
4161552;RadNet Inc;RDNT;Q2 2011 Radnet Inc Earnings Conference Call;RADNET INC;
12829687;Rada Electronic Industries Ltd;RADA;Q3 2019 Rada Electronic Industries Ltd Earnings Call;RADA ELECTRONIC INDUSTRIES LTD;
12623542;Rada Electronic Industries Ltd;RADA;Q2 2019 Rada Electronic Industries Ltd Earnings Call;RADA ELECTRONIC INDUSTRIES LTD;
12514168;Rada Electronic Industries Ltd;RADA;Q1 2019 Rada Electronic Industries Ltd Earnings Call;RADA ELECTRONIC INDUSTRIES LTD;
13067576;Rada Electronic Industries Ltd;RADA;Q4 2019 Rada Electronic Industries Ltd Earnings Call;RADA ELECTRONIC INDUSTRIES LTD;
13295982;Rada Electronic Industries Ltd;RADA.OQ;Q2 2020 Rada Electronic Industries Ltd Earnings Call;RADA ELECTRONIC INDUSTRIES LTD;
13465191;Rada Electronic Industries Ltd;RADA.OQ;Q3 2020 Rada Electronic Industries Ltd Earnings Call;RADA ELECTRONIC INDUSTRIES LTD;
13167866;Rada Electronic Industries Ltd;RADA;Q1 2020 Rada Electronic Industries Ltd Earnings Call;RADA ELECTRONIC INDUSTRIES LTD;
4777106;Radcom Ltd;RDCM;Q1 2012 Radcom Ltd. Earnings Conference Call;RADCOM LTD;
4709866;Radcom Ltd;RDCM;Q4 2011 Radcom Ltd. Earnings Conference Call;RADCOM LTD;
1991549;Radcom Ltd;RDCM;Q3 2008 Radcom Ltd. Earnings Conference Call;RADCOM LTD;
1880560;Radcom Ltd;RDCM;Q2 2008 Radcom Ltd. Earnings Conference Call;RADCOM LTD;
1816289;Radcom Ltd;RDCM;Q1 2008 Radcom Ltd. Earnings Conference Call;RADCOM LTD;
1743975;Radcom Ltd;RDCM;Q4 2007 Radcom Ltd. Earnings Conference Call;RADCOM LTD;
1399422;Radcom Ltd;RDCM;Q3 2006 Radcom Ltd. Earnings Conference Call;RADCOM LTD;
1353137;Radcom Ltd;RDCM;Q2 2006 Radcom Ltd. Earnings Conference Call;RADCOM LTD;
1302618;Radcom Ltd;RDCM;Q1 2006 Radcom Ltd. Earnings Conference Call;RADCOM LTD;
1190444;Radcom Ltd;RDCM;Q4 2005 Radcom Ltd. Earnings Conference Call;RADCOM LTD;
1286081;Radcom Ltd;RDCM;Preliminary Q1 2006 Radcom Ltd. Earnings Conference Call;RADCOM LTD;
1665023;Radcom Ltd;RDCM;Q3 2007 Radcom Ltd. Earnings Conference Call;RADCOM LTD;
1524504;Radcom Ltd;RDCM;Q1 2007 Radcom Ltd. Earnings Conference Call;RADCOM LTD;
1595390;Radcom Ltd;RDCM;Q2 2007 Radcom Ltd. Earnings Conference Call;RADCOM LTD;
1453945;Radcom Ltd;RDCM;Q4 2006 Radcom Ltd. Earnings Conference Call;RADCOM LTD;
2067440;Radcom Ltd;RDCM;Q4 2008 Radcom Ltd. Earnings Conference Call;RADCOM LTD;
12809385;Radcom Ltd;RDCM;Q3 2019 Radcom Ltd Earnings Call;RADCOM LTD;
12619826;Radcom Ltd;RDCM;Q2 2019 Radcom Ltd Earnings Call;RADCOM LTD;
13452459;Radcom Ltd;RDCM.OQ;Q3 2020 Radcom Ltd Earnings Call;RADCOM LTD;
12995496;Radcom Ltd;RDCM;Q4 2019 Radcom Ltd Earnings Call;RADCOM LTD;
13283436;Radcom Ltd;RDCM.OQ;Q2 2020 Radcom Ltd Earnings Call;RADCOM LTD;
13137688;Radcom Ltd;RDCM;Q1 2020 Radcom Ltd Earnings Call;RADCOM LTD;
4151475;Radcom Ltd;RDCM;Q2 2011 Radcom Ltd Earnings Conference Call;RADCOM LTD;
4211081;Radcom Ltd;RDCM;Q3 2011 Radcom Ltd Earnings Conference Call;RADCOM LTD;
1094980;Radcom Ltd;RDCM;Q2 2005 Radcom Ltd. Earnings Conference Call;RADCOM LTD;
1048401;Radcom Ltd;RDCM;Q1 2005 Radcom Ltd. Earnings Conference Call;RADCOM LTD;
997338;Radcom Ltd;RDCM;Q4 2004 Radcom Ltd. Earnings Conference Call;RADCOM LTD;
1143287;Radcom Ltd;RDCM;Q3 2005 Radcom Ltd. Earnings Conference Call;RADCOM LTD;
762399;Radcom Ltd;RDCM;Q2 2003 Radcom Ltd. Earnings Conference Call;RADCOM LTD;
794459;Radcom Ltd;RDCM;Q3 2003 Radcom Ltd. Earnings Conference Call;RADCOM LTD;
879437;Radcom Ltd;RDCM;Q1 2004 Radcom Ltd. Earnings Conference Call;RADCOM LTD;
954528;Radcom Ltd;RDCM;Q3 2004 Radcom Ltd. Earnings Conference Call;RADCOM LTD;
834731;Radcom Ltd;RDCM;Q4 2003 Radcom Ltd. Earnings Conference Call;RADCOM LTD;
917137;Radcom Ltd;RDCM;Q2 2004 Radcom Ltd. Earnings Conference Call;RADCOM LTD;
666534;Radisys Corp;RSYS;Q3 2002 RadiSys Earnings Conference Call;RADISYS CORP;
647243;Radisys Corp;RSYS;Q2 2002 RadiSys Earnings Conference Call;RADISYS CORP;
619471;Radisys Corp;RSYS;Q1 2002 RadiSys Earnings Conference Call;RADISYS CORP;
4217584;Radisys Corp;RSYS;Q3 2011 RadiSys Corp Earnings Conference Call;RADISYS CORP;
4153039;Radisys Corp;RSYS;Q2 2011 RadiSys Corp Earnings Conference Call;RADISYS CORP;
3998523;Radisys Corp;RSYS;Q1 2011 RadiSys Corp Earnings Conference Call;RADISYS CORP;
5515003;Radisys Corp;RSYS;Q3 2014 Radisys Corp Earnings Call;RADISYS CORP;
5438310;Radisys Corp;RSYS;Q2 2014 Radisys Corp Earnings Call;RADISYS CORP;
5764693;Radisys Corp;RSYS;Q2 2015 Radisys Corp Earnings Call;RADISYS CORP;
5611855;Radisys Corp;RSYS;Q4 2014 Radisys Corp Earnings Call;RADISYS CORP;
5832802;Radisys Corp;RSYS;Q3 2015 Radisys Corp Earnings Call;RADISYS CORP;
7503114;Radisys Corp;RSYS;Q4 2016 Radisys Corp Earnings Call;RADISYS CORP;
10206834;Radisys Corp;RSYS;Radisys Corp Earnings Call;RADISYS CORP;
10712087;Radisys Corp;RSYS;Q2 2017 Radisys Corp Earnings Call;RADISYS CORP;
11032907;Radisys Corp;RSYS;Q3 2017 Radisys Corp Earnings Call;RADISYS CORP;
11664002;Radisys Corp;RSYS;Q2 2018 Radisys Corp Earnings Call;RADISYS CORP;
11184890;Radisys Corp;RSYS;Q4 2017 Radisys Corp Earnings Call;RADISYS CORP;
11470951;Radisys Corp;RSYS;Q1 2018 Radisys Corp Earnings Call;RADISYS CORP;
5980667;Radisys Corp;RSYS;Q1 2016 Radisys Corp Earnings Call;RADISYS CORP;
6129342;Radisys Corp;RSYS;Q3 2016 Radisys Corp Earnings Call;RADISYS CORP;
6053084;Radisys Corp;RSYS;Q2 2016 Radisys Corp Earnings Call;RADISYS CORP;
5901176;Radisys Corp;RSYS;Q4 2015 Radisys Corp Earnings Call;RADISYS CORP;
4707924;Radisys Corp;RSYS;Q4 2011 RadiSys Corporation Earnings Conference Call;RADISYS CORP;
1981978;Radisys Corp;RSYS;Q3 2008 RadiSys Corporation Earnings Conference Call;RADISYS CORP;
1743165;Radisys Corp;RSYS;Q4 2007 RadiSys Corporation Earnings Conference Call;RADISYS CORP;
1824819;Radisys Corp;RSYS;Q1 2008 RadiSys Corporation Earnings Conference Call;RADISYS CORP;
1897384;Radisys Corp;RSYS;Q2 2008 RadiSys Corporation Earnings Conference Call;RADISYS CORP;
1338706;Radisys Corp;RSYS;Q2 2006 RadiSys Corporation Earnings Conference Call;RADISYS CORP;
1383527;Radisys Corp;RSYS;Q3 2006 RadiSys Corporation Earnings Conference Call;RADISYS CORP;
1190971;Radisys Corp;RSYS;Q4 2005 RadiSys Corporation Earnings Conference Call;RADISYS CORP;
1300242;Radisys Corp;RSYS;Q1 2006 RadiSys Corporation Earnings Conference Call;RADISYS CORP;
1445349;Radisys Corp;RSYS;Q4 2006 RadiSys Corporation Earnings Conference Call;RADISYS CORP;
1575225;Radisys Corp;RSYS;Q2 2007 RadiSys Corporation Earnings Conference Call;RADISYS CORP;
1671800;Radisys Corp;RSYS;Q3 2007 RadiSys Corporation Earnings Conference Call;RADISYS CORP;
1498549;Radisys Corp;RSYS;Q1 2007 RadiSys Corporation Earnings Conference Call;RADISYS CORP;
2068581;Radisys Corp;RSYS;Q4 2008 RadiSys Corporation Earnings Conference Call;RADISYS CORP;
2319451;Radisys Corp;RSYS;Q2 2009 RadiSys Corporation Earnings Conference Call;RADISYS CORP;
2162840;Radisys Corp;RSYS;Q1 2009 RadiSys Corporation Earnings Conference Call;RADISYS CORP;
2484503;Radisys Corp;RSYS;Q3 2009 RadiSys Corporation Earnings Conference Call;RADISYS CORP;
2682936;Radisys Corp;RSYS;Q4 2009 RadiSys Corporation Earnings Conference Call;RADISYS CORP;
3208394;Radisys Corp;RSYS;Q2 2010 RadiSys Corporation Earnings Conference Call;RADISYS CORP;
3009759;Radisys Corp;RSYS;Q1 2010 RadiSys Corporation Earnings Conference Call;RADISYS CORP;
3402771;Radisys Corp;RSYS;Q3 2010 RadiSys Corporation Earnings Conference Call;RADISYS CORP;
3672143;Radisys Corp;RSYS;Q4 2010 RadiSys Corporation Earnings Conference Call;RADISYS CORP;
1002337;Radisys Corp;RSYS;Q4 2004 RadiSys Corporation Earnings Conference Call;RADISYS CORP;
1098619;Radisys Corp;RSYS;Q2 2005 RadiSys Corporation Earnings Conference Call;RADISYS CORP;
1054032;Radisys Corp;RSYS;Q1 2005 RadiSys Corporation Earnings Conference Call;RADISYS CORP;
1147639;Radisys Corp;RSYS;Q3 2005 RadiSys Corporation Earnings Conference Call;RADISYS CORP;
695080;Radisys Corp;RSYS;Q4 2002 RadiSys Corporation Earnings Conference Call;RADISYS CORP;
787083;Radisys Corp;RSYS;Q3 2003 RadiSys Corporation Earnings Conference Call;RADISYS CORP;
760988;Radisys Corp;RSYS;Q2 2003 RadiSys Corporation Earnings Conference Call;RADISYS CORP;
723184;Radisys Corp;RSYS;Q1 2003 RadiSys Corporation Earnings Conference Call;RADISYS CORP;
838745;Radisys Corp;RSYS;Q4 2003 RadiSys Corporation Earnings Conference Call;RADISYS CORP;
944020;Radisys Corp;RSYS;Q3 2004 RadiSys Corporation Earnings Conference Call;RADISYS CORP;
878209;Radisys Corp;RSYS;Q1 2004 RadiSys Corporation Earnings Conference Call;RADISYS CORP;
895617;Radisys Corp;RSYS;Q2 2004 RadiSys Corporation Earnings Conference Call;RADISYS CORP;
4996241;Radisys Corp;RSYS;Q4 2012 Radisys Corporation Earnings Conference Call;RADISYS CORP;
5212396;Radisys Corp;RSYS;Q3 2013 Radisys Corporation Earnings Conference Call;RADISYS CORP;
5140122;Radisys Corp;RSYS;Q2 2013 Radisys Corporation Earnings Conference Call;RADISYS CORP;
5062698;Radisys Corp;RSYS;Q1 2013 Radisys Corporation Earnings Conference Call;RADISYS CORP;
5341654;Radisys Corp;RSYS;Q1 2014 Radisys Corporation Earnings Conference Call;RADISYS CORP;
5284714;Radisys Corp;RSYS;Q4 2013 Radisys Corporation Earnings Conference Call;RADISYS CORP;
4917083;Radisys Corp;RSYS;Q3 2012 Radisys Corporation Earnings Conference Call;RADISYS CORP;
4791184;Radisys Corp;RSYS;Q1 2012 Radisys Corporation Earnings Conference Call;RADISYS CORP;
4865058;Radisys Corp;RSYS;Q2 2012 Radisys Corporation Earnings Conference Call;RADISYS CORP;
1910744;Radian Group Inc;RDN;Radian Second Quarter 2008 Conference Call;RADIANT LOGISTICS INC;BAD
1840232;Radian Group Inc;RDN;Radian First Quarter 2008 Conference Call;RADIANT LOGISTICS INC;BAD
1427765;Radian Group Inc;RDN;Radian Second Quarter 2007 Conference Call;RADIANT LOGISTICS INC;BAD
1427767;Radian Group Inc;RDN;Radian Third Quarter 2007 Conference Call;RADIANT LOGISTICS INC;BAD
1997817;Radian Group Inc;RDN;Q3 2008 Radian Group Earnings Conference Call;RADIAN GROUP INC;
1190829;Radian Group Inc;RDN;Q4 2005 Radian Group Earnings Conference Call;RADIAN GROUP INC;
1292520;Radian Group Inc;RDN;Q1 2006 Radian Group Earnings Conference Call;RADIAN GROUP INC;
1390583;Radian Group Inc;RDN;Q3 2006 Radian Group Earnings Conference Call;RADIAN GROUP INC;
1348000;Radian Group Inc;RDN;Q2 2006 Radian Group Earnings Conference Call;RADIAN GROUP INC;
2342997;Radian Group Inc;RDN;Q2 2009 Radian Group Earnings Conference Call;RADIAN GROUP INC;
2509521;Radian Group Inc;RDN;Q3 2009 Radian Group Earnings Conference Call;RADIAN GROUP INC;
2182784;Radian Group Inc;RDN;Q1 2009 Radian Group Earnings Conference Call;RADIAN GROUP INC;
2095391;Radian Group Inc;RDN;Q4 2008 Radian Group Earnings Conference Call;RADIAN GROUP INC;
3454241;Radian Group Inc;RDN;Q3 2010 Radian Group Earnings Conference Call;RADIAN GROUP INC;
3065294;Radian Group Inc;RDN;Q1 2010 Radian Group Earnings Conference Call;RADIAN GROUP INC;
2723682;Radian Group Inc;RDN;Q4 2009 Radian Group Earnings Conference Call;RADIAN GROUP INC;
3239119;Radian Group Inc;RDN;Q2 2010 Radian Group Earnings Conference Call;RADIAN GROUP INC;
3708060;Radian Group Inc;RDN;Q4 2010 Radian Group Earnings Conference Call;RADIAN GROUP INC;
1002354;Radian Group Inc;RDN;Q4 2004 Radian Group Earnings Conference Call;RADIAN GROUP INC;
1146190;Radian Group Inc;RDN;Q3 2005 Radian Group Earnings Conference Call;RADIAN GROUP INC;
1100058;Radian Group Inc;RDN;Q2 2005 Radian Group Earnings Conference Call;RADIAN GROUP INC;
1049521;Radian Group Inc;RDN;Q1 2005 Radian Group Earnings Conference Call;RADIAN GROUP INC;
645474;Radian Group Inc;RDN;Q2 2002 Radian Group Earnings Conference Call;RADIAN GROUP INC;
670296;Radian Group Inc;RDN;Q3 2002 Radian Group Earnings Conference Call;RADIAN GROUP INC;
721608;Radian Group Inc;RDN;Q1 2003 Radian Group Earnings Conference Call;RADIAN GROUP INC;
785552;Radian Group Inc;RDN;Q3 2003 Radian Group Earnings Conference Call;RADIAN GROUP INC;
699725;Radian Group Inc;RDN;Q4 2002 Radian Group Earnings Conference Call;RADIAN GROUP INC;
760964;Radian Group Inc;RDN;Q2 2003 Radian Group Earnings Conference Call;RADIAN GROUP INC;
911408;Radian Group Inc;RDN;Q2 2004 Radian Group Earnings Conference Call;RADIAN GROUP INC;
874671;Radian Group Inc;RDN;Q1 2004 Radian Group Earnings Conference Call;RADIAN GROUP INC;
802992;Radian Group Inc;RDN;Q4 2003 Radian Group Earnings Conference Call;RADIAN GROUP INC;
951429;Radian Group Inc;RDN;Q3 2004 Radian Group Earnings Conference Call;RADIAN GROUP INC;
1427769;Radian Group Inc;RDN;Radian Fourth Quarter 2007 Conference Call;RADIANT LOGISTICS INC;BAD
1427757;Radian Group Inc;RDN;Radian Fourth Quarter 2006 Conference Call;RADIANT LOGISTICS INC;BAD
1427762;Radian Group Inc;RDN;Radian First Quarter 2007 Conference Call;RADIANT LOGISTICS INC;BAD
4998171;Radian Group Inc;RDN;Q4 2012 Radian Group Inc. Earnings Conference Call;RADIAN GROUP INC;
5128622;Radian Group Inc;RDN;Q2 2013 Radian Group Inc. Earnings Conference Call;RADIAN GROUP INC;
5062465;Radian Group Inc;RDN;Q1 2013 Radian Group Inc. Earnings Conference Call;RADIAN GROUP INC;
5210737;Radian Group Inc;RDN;Q3 2013 Radian Group Inc. Earnings Conference Call;RADIAN GROUP INC;
5350463;Radian Group Inc;RDN;Q1 2014 Radian Group Inc. Earnings Conference Call;RADIAN GROUP INC;
5443292;Radian Group Inc;RDN;Q2 2014 Radian Group Inc Earnings Call;RADIAN GROUP INC;
5278012;Radian Group Inc;RDN;Q4 2013 Radian Group Inc. Earnings Conference Call;RADIAN GROUP INC;
5508957;Radian Group Inc;RDN;Q3 2014 Radian Group Inc Earnings Call;RADIAN GROUP INC;
5836024;Radian Group Inc;RDN;Q3 2015 Radian Group Inc Earnings Call;RADIAN GROUP INC;
5608208;Radian Group Inc;RDN;Q4 2014 Radian Group Inc Earnings Call;RADIAN GROUP INC;
5766163;Radian Group Inc;RDN;Q2 2015 Radian Group Inc Earnings Call;RADIAN GROUP INC;
5688606;Radian Group Inc;RDN;Q1 2015 Radian Group Inc Earnings Call;RADIAN GROUP INC;
4868527;Radian Group Inc;RDN;Q2 2012 Radian Group Inc. Earnings Conference Call;RADIAN GROUP INC;
4926793;Radian Group Inc;RDN;Q3 2012 Radian Group Inc. Earnings Conference Call;RADIAN GROUP INC;
4707704;Radian Group Inc;RDN;Q4 2011 Radian Group Inc. Earnings Conference Call;RADIAN GROUP INC;
4792953;Radian Group Inc;RDN;Q1 2012 Radian Group Inc. Earnings Conference Call;RADIAN GROUP INC;
10227070;Radian Group Inc;RDN;Q1 2017 Radian Group Inc Earnings Call;RADIAN GROUP INC;
11011693;Radian Group Inc;RDN;Q3 2017 Radian Group Inc Earnings Call;RADIAN GROUP INC;
10733439;Radian Group Inc;RDN;Q2 2017 Radian Group Inc Earnings Call;RADIAN GROUP INC;
7551258;Radian Group Inc;RDN;Q4 2016 Radian Group Inc Earnings Call;RADIAN GROUP INC;
12809364;Radian Group Inc;RDN;Q3 2019 Radian Group Inc Earnings Call;RADIAN GROUP INC;
12483604;Radian Group Inc;RDN;Q1 2019 Radian Group Inc Earnings Call;RADIAN GROUP INC;
12282261;Radian Group Inc;RDN;Q4 2018 Radian Group Inc Earnings Call;RADIAN GROUP INC;
12627201;Radian Group Inc;RDN;Q2 2019 Radian Group Inc Earnings Call;RADIAN GROUP INC;
13002269;Radian Group Inc;RDN;Q4 2019 Radian Group Inc Earnings Call;RADIAN GROUP INC;
13138309;Radian Group Inc;RDN;Q1 2020 Radian Group Inc Earnings Call;RADIAN GROUP INC;
13455568;Radian Group Inc;RDN.N;Q3 2020 Radian Group Inc Earnings Call;RADIAN GROUP INC;
13283313;Radian Group Inc;RDN.N;Q2 2020 Radian Group Inc Earnings Call;RADIAN GROUP INC;
12119994;Radian Group Inc;RDN;Q3 2018 Radian Group Inc Earnings Call;RADIAN GROUP INC;
11479217;Radian Group Inc;RDN;Q1 2018 Radian Group Inc Earnings Call;RADIAN GROUP INC;
11658617;Radian Group Inc;RDN;Q2 2018 Radian Group Inc Earnings Call;RADIAN GROUP INC;
11204199;Radian Group Inc;RDN;Q4 2017 Radian Group Inc Earnings Call;RADIAN GROUP INC;
4156886;Radian Group Inc;RDN;Q2 2011 Radian Group Inc Earnings Conference Call;RADIAN GROUP INC;
4224080;Radian Group Inc;RDN;Q3 2011 Radian Group Inc Earnings Conference Call;RADIAN GROUP INC;
3968165;Radian Group Inc;RDN;Q1 2011 Radian Group Inc Earnings Conference Call;RADIAN GROUP INC;
5979500;Radian Group Inc;RDN;Q1 2016 Radian Group Inc Earnings Call;RADIAN GROUP INC;
6131486;Radian Group Inc;RDN;Q3 2016 Radian Group Inc Earnings Call;RADIAN GROUP INC;
6058376;Radian Group Inc;RDN;Q2 2016 Radian Group Inc Earnings Call;RADIAN GROUP INC;
5903671;Radian Group Inc;RDN;Q4 2015 Radian Group Inc Earnings Call;RADIAN GROUP INC;
4141600;Radiant Communications Corp;RCN.V^J13;Q1 2011 Radiant Communications Corp Earnings Conference Call;AIRNET COMMUNICATIONS CORP;BAD
10909065;Radiant Logistics Inc;RLGT;Q4 2017 Radiant Logistics Inc Earnings Call;RADIANT LOGISTICS INC;
11083700;Radiant Logistics Inc;RLGT;Q1 2018 Radiant Logistics Inc Earnings Call;RADIANT LOGISTICS INC;
10418994;Radiant Logistics Inc;RLGT;Q3 2017 Radiant Logistics Inc Earnings Call;RADIANT LOGISTICS INC;
12293912;Radiant Logistics Inc;RLGT;Q2 2019 Radiant Logistics Inc Earnings Call;RADIANT LOGISTICS INC;
12870519;Radiant Logistics Inc;RLGT;Q1 2020 Radiant Logistics Inc Earnings Call;RADIANT LOGISTICS INC;
12516886;Radiant Logistics Inc;RLGT;Q3 2019 Radiant Logistics Inc Earnings Call;RADIANT LOGISTICS INC;
12723942;Radiant Logistics Inc;RLGT;Q4 2019 Radiant Logistics Inc Earnings Call;RADIANT LOGISTICS INC;
13472570;Radiant Logistics Inc;RLGT.A;Q1 2021 Radiant Logistics Inc Earnings Call;RADIANT LOGISTICS INC;
13415435;Radiant Logistics Inc;RLGT.A;Q4 2020 Radiant Logistics Inc Earnings Call;RADIANT LOGISTICS INC;
13159769;Radiant Logistics Inc;RLGT;Q3 2020 Radiant Logistics Inc Earnings Call;RADIANT LOGISTICS INC;
13012322;Radiant Logistics Inc;RLGT;Q2 2020 Radiant Logistics Inc Earnings Call;RADIANT LOGISTICS INC;
11229444;Radiant Logistics Inc;RLGT;Q2 2018 Radiant Logistics Inc Earnings Call;RADIANT LOGISTICS INC;
11873115;Radiant Logistics Inc;RLGT;Q4 2018 Radiant Logistics Inc Earnings Call;RADIANT LOGISTICS INC;
12155337;Radiant Logistics Inc;RLGT;Q1 2019 Radiant Logistics Inc Earnings Call;RADIANT LOGISTICS INC;
11496286;Radiant Logistics Inc;RLGT;Q3 2018 Radiant Logistics Inc Earnings Call;RADIANT LOGISTICS INC;
4213126;Radiant Logistics Inc;RLGT;Q4 2011 Radiant Logistics Inc Earnings Conference Call;RADIANT LOGISTICS INC;
6008803;Radiant Logistics Inc;RLGT;Q3 2016 Radiant Logistics Inc Earnings Call;RADIANT LOGISTICS INC;
5919180;Radiant Logistics Inc;RLGT;Q2 2016 Radiant Logistics Inc Earnings Call;RADIANT LOGISTICS INC;
6101500;Radiant Logistics Inc;RLGT;Q4 2016 Radiant Logistics Inc Earnings Call;RADIANT LOGISTICS INC;
1360274;Radica Games Ltd;RADA.OQ^J06;Q2 2006 Radica Games Earnings Conference Call;RADICA GAMES LTD;
1206643;Radica Games Ltd;RADA.OQ^J06;Q4 2005 Radica Games Earnings Conference Call;RADICA GAMES LTD;
1310323;Radica Games Ltd;RADA.OQ^J06;Q1 2006 Radica Games Earnings Conference Call;RADICA GAMES LTD;
1010387;Radica Games Ltd;RADA.OQ^J06;Q4 2004 Radica Games Earnings Conference Call;RADICA GAMES LTD;
1153486;Radica Games Ltd;RADA.OQ^J06;Q3 2005 Radica Games Earnings Conference Call;RADICA GAMES LTD;
1112257;Radica Games Ltd;RADA.OQ^J06;Q2 2005 Radica Games Earnings Conference Call;RADICA GAMES LTD;
1036140;Radica Games Ltd;RADA.OQ^J06;Q1 2005 Radica Games Earnings Conference Call;RADICA GAMES LTD;
797553;Radica Games Ltd;RADA.OQ^J06;Q3 2003 Radica Games Earnings Conference Call;RADICA GAMES LTD;
763427;Radica Games Ltd;RADA.OQ^J06;Q2 2003 Radica Games Earnings Conference Call;RADICA GAMES LTD;
838743;Radica Games Ltd;RADA.OQ^J06;Q4 2003 Radica Games Earnings Conference Call;RADICA GAMES LTD;
955086;Radica Games Ltd;RADA.OQ^J06;Q3 2004 Radica Games Earnings Conference Call;RADICA GAMES LTD;
879094;Radica Games Ltd;RADA.OQ^J06;Q1 2004 Radica Games Earnings Conference Call;RADICA GAMES LTD;
911869;Radica Games Ltd;RADA.OQ^J06;Q2 2004 Radica Games Earnings Conference Call;RADICA GAMES LTD;
5073200;Urban One Inc;ROIAK;Q1 2013 Radio One Earnings Conference Call;RADIO ONE INC;
5143299;Urban One Inc;ROIAK;Q2 2013 Radio One Earnings Conference Call;RADIO ONE INC;
5198068;Urban One Inc;ROIAK;Q3 2013 Radio One Earnings Conference Call;RADIO ONE INC;
5003376;Urban One Inc;ROIAK;Q4 2012 Radio One Earnings Conference Call;RADIO ONE INC;
5346626;Urban One Inc;ROIAK;Q1 2014 Radio One Earnings Conference Call;RADIO ONE INC;
5284885;Urban One Inc;ROIAK;Q4 2013 Radio One Earnings Conference Call;RADIO ONE INC;
5442541;Urban One Inc;ROIAK;Q2 2014 Radio One Earnings Conference Call;RADIO ONE INC;
4728718;Urban One Inc;ROIAK;Q4 2011 Radio One Earnings Conference Call;RADIO ONE INC;
4867135;Urban One Inc;ROIAK;Q2 2012 Radio One Earnings Conference Call;RADIO ONE INC;
4799581;Urban One Inc;ROIAK;Q1 2012 Radio One Earnings Conference Call;RADIO ONE INC;
4930097;Urban One Inc;ROIAK;Q3 2012 Radio One Earnings Conference Call;RADIO ONE INC;
1754532;Urban One Inc;ROIAK;Q4 2007 Radio One Earnings Conference Call;RADIO ONE INC;
1995116;Urban One Inc;ROIAK;Q3 2008 Radio One Earnings Conference Call;RADIO ONE INC;
1898955;Urban One Inc;ROIAK;Q2 2008 Radio One Earnings Conference Call;RADIO ONE INC;
1808239;Urban One Inc;ROIAK;Q1 2008 Radio One Earnings Conference Call;RADIO ONE INC;
1204626;Urban One Inc;ROIAK;Q4 2005 Radio One Earnings Conference Call;RADIO ONE INC;
1297691;Urban One Inc;ROIAK;Q1 2006 Radio One Earnings Conference Call;RADIO ONE INC;
1398386;Urban One Inc;ROIAK;Q3 2006 Radio One Earnings Conference Call;RADIO ONE INC;
1351928;Urban One Inc;ROIAK;Q2 2006 Radio One Earnings Conference Call;RADIO ONE INC;
1507351;Urban One Inc;ROIAK;Q4 2006 Radio One Earnings Conference Call;RADIO ONE INC;
1609422;Urban One Inc;ROIAK;Q2 2007 Radio One Earnings Conference Call;RADIO ONE INC;
1682365;Urban One Inc;ROIAK;Q3 2007 Radio One Earnings Conference Call;RADIO ONE INC;
2067565;Urban One Inc;ROIAK;Q4 2008 Radio One Earnings Conference Call;RADIO ONE INC;
2693008;Urban One Inc;ROIAK;Q4 2009 Radio One Earnings Conference Call;RADIO ONE INC;
3766707;Urban One Inc;ROIAK;Q4 2010 Radio One Earnings Conference Call;RADIO ONE INC;
1091071;Urban One Inc;ROIAK;Q2 2005 Radio One Earnings Conference Call;RADIO ONE INC;
1048739;Urban One Inc;ROIAK;Q1 2005 Radio One Earnings Conference Call;RADIO ONE INC;
1014410;Urban One Inc;ROIAK;Q4 2004 Radio One Earnings Conference Call;RADIO ONE INC;
1145616;Urban One Inc;ROIAK;Q3 2005 Radio One Earnings Conference Call;RADIO ONE INC;
665534;Urban One Inc;ROIAK;Q3 2002 Radio One Earnings Conference Call;RADIO ONE INC;
644682;Urban One Inc;ROIAK;Q2 2002 Radio One Earnings Conference Call;RADIO ONE INC;
733332;Urban One Inc;ROIAK;Q1 2003 Radio One Earnings Conference Call;RADIO ONE INC;
798691;Urban One Inc;ROIAK;Q3 2003 Radio One Earnings Conference Call;RADIO ONE INC;
764526;Urban One Inc;ROIAK;Q2 2003 Radio One Earnings Conference Call;RADIO ONE INC;
702395;Urban One Inc;ROIAK;Q4 2002 Radio One Earnings Conference Call;RADIO ONE INC;
915251;Urban One Inc;ROIAK;Q2 2004 Radio One Earnings Conference Call;RADIO ONE INC;
836548;Urban One Inc;ROIAK;Q4 2003 Radio One Earnings Conference Call;RADIO ONE INC;
869589;Urban One Inc;ROIAK;Q1 2004 Radio One Earnings Conference Call;RADIO ONE INC;
957387;Urban One Inc;ROIAK;Q3 2004 Radio One Earnings Conference Call;RADIO ONE INC;
5510148;Urban One Inc;ROIAK;Q3 2014 Radio One Inc Earnings Call;RADIO ONE INC;
5607182;Urban One Inc;ROIAK;Q4 2014 Radio One Inc Earnings Call;RADIO ONE INC;
5679852;Urban One Inc;ROIAK;Q1 2015 Radio One Inc Earnings Call;RADIO ONE INC;
5838151;Urban One Inc;ROIAK;Q3 2015 Radio One Inc Earnings Call;RADIO ONE INC;
5765685;Urban One Inc;ROIAK;Q2 2015 Radio One Inc Earnings Call;RADIO ONE INC;
8672242;Urban One Inc;ROIAK;Q4 2016 Radio One Inc Earnings Call;RADIO ONE INC;
10274595;Urban One Inc;ROIAK;Q1 2017 Radio One Inc Earnings Call;RADIO ONE INC;
4226620;Urban One Inc;ROIAK;Q3 2011 Radio One Inc Earnings Conference Call;RADIO ONE INC;
3976625;Urban One Inc;ROIAK;Q1 2011 Radio One Inc Earnings Conference Call;RADIO ONE INC;
4165723;Urban One Inc;ROIAK;Q2 2011 Radio One Inc Earnings Conference Call;RADIO ONE INC;
5988800;Urban One Inc;ROIAK;Q1 2016 Radio One Inc Earnings Call;RADIO ONE INC;
6057919;Urban One Inc;ROIAK;Q2 2016 Radio One Inc Earnings Call;RADIO ONE INC;
5906233;Urban One Inc;ROIAK;Q4 2015 Radio One Inc Earnings Call;RADIO ONE INC;
6130754;Urban One Inc;ROIAK;Q3 2016 Radio One Inc Earnings Call;RADIO ONE INC;
11035425;Urban One Inc;ROIAK;Q3 2017 Urban One Inc Earnings Call;URBAN ONE INC;
10733013;Urban One Inc;ROIAK;Q2 2017 Urban One Inc Earnings Call;URBAN ONE INC;
12834524;Urban One Inc;ROIAK;Q3 2019 Urban One Inc Earnings Call;URBAN ONE INC;
12336406;Urban One Inc;ROIAK;Q4 2018 Urban One Inc Earnings Call;URBAN ONE INC;
12484282;Urban One Inc;ROIAK;Q1 2019 Urban One Inc Earnings Call;URBAN ONE INC;
12625666;Urban One Inc;ROIAK;Q2 2019 Urban One Inc Earnings Call;URBAN ONE INC;
13462512;Urban One Inc;UONEK.OQ;Q3 2020 Urban One Inc Earnings Call;URBAN ONE INC;
13061942;Urban One Inc;ROIAK;Q4 2019 Urban One Inc Earnings Call;URBAN ONE INC;
13198084;Urban One Inc;UONEK.OQ;Q1 2020 Urban One Inc Earnings Call;URBAN ONE INC;
13283950;Urban One Inc;UONEK.OQ;Q2 2020 Urban One Inc Earnings Call;URBAN ONE INC;
11482947;Urban One Inc;ROIAK;Q1 2018 Urban One Inc Earnings Call;URBAN ONE INC;
11669451;Urban One Inc;ROIAK;Q2 2018 Urban One Inc Earnings Call;URBAN ONE INC;
11229320;Urban One Inc;ROIAK;Q4 2017 Urban One Inc Earnings Call;URBAN ONE INC;
12089006;Urban One Inc;ROIAK;Q3 2018 Urban One Inc Earnings Call;URBAN ONE INC;
649206;Radio Unica Communications Corp.;67808;Q2 2002 Radio Unica Communications Earnings Conference Call;RADIO UNICA COMMUNICATIONS CORP;
671836;Radio Unica Communications Corp.;67808;Q3 2002 Radio Unica Communications Earnings Conference Call;RADIO UNICA COMMUNICATIONS CORP;
734853;Radio Unica Communications Corp.;67808;Q1 2003 Radio Unica Communications Corp. Earnings Conference Call;RADIO UNICA COMMUNICATIONS CORP;
718189;Radio Unica Communications Corp.;67808;Q4 2002 Radio Unica Communications Corp. Earnings Conference Call;RADIO UNICA COMMUNICATIONS CORP;
506138;RS Legacy Corp;1A_RSH_*;Q1 2001 Radio Shack Corporation Earnings Conference Call;RADIOSHACK CORP;
662296;RS Legacy Corp;1A_RSH_*;Q3 2002 Radio Shack Corporation Earnings Conference Call;RADIOSHACK CORP;
616051;RS Legacy Corp;1A_RSH_*;Q1 2002 Radio Shack Corporation Earnings Conference Call;RADIOSHACK CORP;
5562775;RS Legacy Corp;1A_RSH_*;Q3 2015 RadioShack Corp Earnings Call;RADIOSHACK CORP;
5396655;RS Legacy Corp;1A_RSH_*;Q1 2015 RadioShack Corp Earnings Call;RADIOSHACK CORP;
5485545;RS Legacy Corp;1A_RSH_*;Q2 2015 RadioShack Corp Earnings Call;RADIOSHACK CORP;
4926883;RS Legacy Corp;1A_RSH_*;RadioShack Corp. Third-Quarter Earnings Conference Call;RADIOSHACK CORP;
5134262;RS Legacy Corp;1A_RSH_*;Q2 2013 RadioShack Corporation Earnings Conference Call;RADIOSHACK CORP;
5061128;RS Legacy Corp;1A_RSH_*;Q1 2013 RadioShack Corporation Earnings Conference Call;RADIOSHACK CORP;
5010521;RS Legacy Corp;1A_RSH_*;Q4 2012 RadioShack Corporation Earnings Conference Call;RADIOSHACK CORP;
5206608;RS Legacy Corp;1A_RSH_*;Q3 2013 RadioShack Corporation Earnings Conference Call;RADIOSHACK CORP;
5301957;RS Legacy Corp;1A_RSH_*;Q4 2013 RadioShack Corporation Earnings Conference Call;RADIOSHACK CORP;
4789796;RS Legacy Corp;1A_RSH_*;Q1 2012 RadioShack Corporation Earnings Conference Call;RADIOSHACK CORP;
4720628;RS Legacy Corp;1A_RSH_*;Q4 2011 RadioShack Corporation Earnings Conference Call;RADIOSHACK CORP;
4866151;RS Legacy Corp;1A_RSH_*;Q2 2012 RadioShack Corporation Earnings Conference Call;RADIOSHACK CORP;
1766148;RS Legacy Corp;1A_RSH_*;Q4 2007 RadioShack Corporation Earnings Conference Call;RADIOSHACK CORP;
1294611;RS Legacy Corp;1A_RSH_*;Q1 2006 RadioShack Corporation Earnings Conference Call;RADIOSHACK CORP;
1475633;RS Legacy Corp;1A_RSH_*;Q4 2006 RadioShack Corporation Earnings Conference Call;RADIOSHACK CORP;
2107371;RS Legacy Corp;1A_RSH_*;Q4 2008 RadioShack Corporation Earnings Conference Call;RADIOSHACK CORP;
2734445;RS Legacy Corp;1A_RSH_*;Q4 2009 RadioShack Corporation Earnings Conference Call;RADIOSHACK CORP;
3724420;RS Legacy Corp;1A_RSH_*;Q4 2010 RadioShack Corporation Earnings Conference Call;RADIOSHACK CORP;
1047500;RS Legacy Corp;1A_RSH_*;Q1 2005 RadioShack Corporation Earnings Conference Call;RADIOSHACK CORP;
1140619;RS Legacy Corp;1A_RSH_*;Q3 2005 RadioShack Corporation Earnings Conference Call;RADIOSHACK CORP;
1092598;RS Legacy Corp;1A_RSH_*;Q2 2005 RadioShack Corporation Earnings Conference Call;RADIOSHACK CORP;
640784;RS Legacy Corp;1A_RSH_*;Q2 2002 RadioShack Corporation Earnings Conference Call;RADIOSHACK CORP;
762122;RS Legacy Corp;1A_RSH_*;Q2 2003 RadioShack Corporation Earnings Conference Call;RADIOSHACK CORP;
785469;RS Legacy Corp;1A_RSH_*;Q3 2003 RadioShack Corporation Earnings Conference Call;RADIOSHACK CORP;
728307;RS Legacy Corp;1A_RSH_*;Q1 2003 RadioShack Corporation Earnings Conference Call;RADIOSHACK CORP;
707904;RS Legacy Corp;1A_RSH_*;Q4 2002 RadioShack Corporation Earnings Conference Call;RADIOSHACK CORP;
915316;RS Legacy Corp;1A_RSH_*;RadioShack Corporation Second Quarter 2004 Full Financials Conference Call;RADIOSHACK CORP;
875183;RS Legacy Corp;1A_RSH_*;Q1 2004 RadioShack Corporation Earnings Conference Call;RADIOSHACK CORP;
845732;RS Legacy Corp;1A_RSH_*;Q4 2003 RadioShack Corporation Earnings Conference Call;RADIOSHACK CORP;
949290;RS Legacy Corp;1A_RSH_*;Q3 2004 RadioShack Corporation Earnings Conference Call;RADIOSHACK CORP;
4199777;RS Legacy Corp;1A_RSH_*;Q3 2011 Radioshack Corp Earnings Conference Call;RADIOSHACK CORP;
4160548;RS Legacy Corp;1A_RSH_*;Q2 2011 Radioshack Corp Earnings Conference Call;RADIOSHACK CORP;
1303992;Radiologix Inc;RGX^K06;Q1 2006 Radiologix Earnings Conference Call;RADIOLOGIX INC;
1221363;Radiologix Inc;RGX^K06;Q4 2005 Radiologix Earnings Conference Call;RADIOLOGIX INC;
1152169;Radiologix Inc;RGX^K06;Q3 2005 Radiologix Earnings Conference Call;RADIOLOGIX INC;
1055319;Radiologix Inc;RGX^K06;Q1 2005 Radiologix Earnings Conference Call;RADIOLOGIX INC;
1012975;Radiologix Inc;RGX^K06;Q4 2004 Radiologix Earnings Conference Call;RADIOLOGIX INC;
1104136;Radiologix Inc;RGX^K06;Q2 2005 Radiologix Earnings Conference Call;RADIOLOGIX INC;
646028;Radiologix Inc;RGX^K06;Q2 2002 Radiologix Earnings Conference Call;RADIOLOGIX INC;
670549;Radiologix Inc;RGX^K06;Q3 2002 Radiologix Earnings Conference Call;RADIOLOGIX INC;
767638;Radiologix Inc;RGX^K06;Q2 2003 Radiologix Earnings Conference Call;RADIOLOGIX INC;
720387;Radiologix Inc;RGX^K06;Q4 2002 Radiologix Earnings Conference Call;RADIOLOGIX INC;
735583;Radiologix Inc;RGX^K06;Q1 2003 Radiologix Earnings Conference Call;RADIOLOGIX INC;
793380;Radiologix Inc;RGX^K06;Q3 2003 Radiologix Earnings Conference Call;RADIOLOGIX INC;
957192;Radiologix Inc;RGX^K06;Q3 2004 Radiologix Earnings Conference Call;RADIOLOGIX INC;
882110;Radiologix Inc;RGX^K06;Q1 2004 Radiologix Earnings Conference Call;RADIOLOGIX INC;
919362;Radiologix Inc;RGX^K06;Q2 2004 Radiologix Earnings Conference Call;RADIOLOGIX INC;
855865;Radiologix Inc;RGX^K06;Q4 2003 Radiologix Earnings Conference Call;RADIOLOGIX INC;
5698453;Radius Health Inc;RDUS;Q1 2015 Radius Health Inc Earnings Call;RADIUS HEALTH INC;
5778262;Radius Health Inc;RDUS;Q2 2015 Radius Health Inc Earnings Call;RADIUS HEALTH INC;
5652717;Radius Health Inc;RDUS;Q4 2014 Radius Health Inc Earnings Call;RADIUS HEALTH INC;
10715089;Radius Health Inc;RDUS;Q2 2017 Radius Health Inc Earnings Call;RADIUS HEALTH INC;
10123441;Radius Health Inc;RDUS;Q1 2017 Radius Health Inc Earnings Call;RADIUS HEALTH INC;
7671328;Radius Health Inc;RDUS;Q4 2016 Radius Health Inc Earnings Call;RADIUS HEALTH INC;
11005255;Radius Health Inc;RDUS;Q3 2017 Radius Health Inc Earnings Call;RADIUS HEALTH INC;
12332938;Radius Health Inc;RDUS;Q4 2018 Radius Health Inc Earnings Call;RADIUS HEALTH INC;
12831548;Radius Health Inc;RDUS;Q3 2019 Radius Health Inc Earnings Call;RADIUS HEALTH INC;
12630823;Radius Health Inc;RDUS;Q2 2019 Radius Health Inc Earnings Call;RADIUS HEALTH INC;
12495742;Radius Health Inc;RDUS;Q1 2019 Radius Health Inc Earnings Call;RADIUS HEALTH INC;
13171706;Radius Health Inc;RDUS;Q1 2020 Radius Health Inc Earnings Call;RADIUS HEALTH INC;
13296094;Radius Health Inc;RDUS.OQ;Q2 2020 Radius Health Inc Earnings Call;RADIUS HEALTH INC;
13041977;Radius Health Inc;RDUS;Q4 2019 Radius Health Inc Earnings Call;RADIUS HEALTH INC;
13453945;Radius Health Inc;RDUS.OQ;Q3 2020 Radius Health Inc Earnings Call;RADIUS HEALTH INC;
11268676;Radius Health Inc;RDUS;Q4 2017 Radius Health Inc Earnings Call;RADIUS HEALTH INC;
11670827;Radius Health Inc;RDUS;Q2 2018 Radius Health Inc Earnings Call;RADIUS HEALTH INC;
12096850;Radius Health Inc;RDUS;Q3 2018 Radius Health Inc Earnings Call;RADIUS HEALTH INC;
11486860;Radius Health Inc;RDUS;Q1 2018 Radius Health Inc Earnings Call;RADIUS HEALTH INC;
5979526;Radius Health Inc;RDUS;Q1 2016 Radius Health Inc Earnings Call;RADIUS HEALTH INC;
5916300;Radius Health Inc;RDUS;Q4 2015 Radius Health Inc Earnings Call;RADIUS HEALTH INC;
6128187;Radius Health Inc;RDUS;Q3 2016 Radius Health Inc Earnings Call;RADIUS HEALTH INC;
6058550;Radius Health Inc;RDUS;Q2 2016 Radius Health Inc Earnings Call;RADIUS HEALTH INC;
1297878;Radnor Holdings Corp;RHCX;Q4 2005 Radnor Holdings Corp Earnings Conference Call;R H;BAD
1268878;Radnor Holdings Corp;RHCX;Q4 2005 Radnor Holdings Corp Earnings Conference Call;R H;BAD
1118481;Radnor Holdings Corp;RHCX;Q2 2005 Radnor Holdings Corp Earnings Conference Call;R H;BAD
1161285;Radnor Holdings Corp;RHCX;Q3 2005 Radnor Holdings Corp Earnings Conference Call;R H;BAD
1046549;Radnor Holdings Corp;RHCX;Q4 2004 Radnor Holdings Corp. Earnings Conference Call;R H;BAD
5053813;Radware Ltd;RDWR;Preliminary Q1 2013 Radware Earnings Conference Call;RADWARE LTD;
5052995;Radware Ltd;RDWR;Q1 2013 Radware Earnings Conference Call;RADWARE LTD;
4979730;Radware Ltd;RDWR;Q4 2012 Radware Earnings Conference Call;RADWARE LTD;
5116096;Radware Ltd;RDWR;Q2 2013 Radware Earnings Conference Call;RADWARE LTD;
5194540;Radware Ltd;RDWR;Q3 2013 Radware Earnings Conference Call;RADWARE LTD;
5281171;Radware Ltd;RDWR;Q4 2013 Radware Earnings Conference Call;RADWARE LTD;
4849201;Radware Ltd;RDWR;Q2 2012 Radware Earnings Conference Call;RADWARE LTD;
4773415;Radware Ltd;RDWR;Q1 2012 Radware Earnings Conference Call;RADWARE LTD;
4698245;Radware Ltd;RDWR;Q4 2011 Radware Earnings Conference Call;RADWARE LTD;
4935568;Radware Ltd;RDWR;Q3 2012 Radware Earnings Conference Call;RADWARE LTD;
1886830;Radware Ltd;RDWR;Q2 2008 Radware Earnings Conference Call;RADWARE LTD;
1730437;Radware Ltd;RDWR;Q4 2007 Radware Earnings Conference Call;RADWARE LTD;
1816720;Radware Ltd;RDWR;Q1 2008 Radware Earnings Conference Call;RADWARE LTD;
1945791;Radware Ltd;RDWR;Q3 2008 Radware Earnings Conference Call;RADWARE LTD;
1188702;Radware Ltd;RDWR;Q4 2005 Radware Earnings Conference Call;RADWARE LTD;
1387520;Radware Ltd;RDWR;Q3 2006 Radware Earnings Conference Call;RADWARE LTD;
1336352;Radware Ltd;RDWR;Q2 2006 Radware Earnings Conference Call;RADWARE LTD;
1274537;Radware Ltd;RDWR;Q1 2006 Radware Earnings Conference Call;RADWARE LTD;
1504312;Radware Ltd;RDWR;Q1 2007 Radware Earnings Conference Call;RADWARE LTD;
1570588;Radware Ltd;RDWR;Q2 2007 Radware Earnings Conference Call;RADWARE LTD;
1448354;Radware Ltd;RDWR;Q4 2006 Radware Earnings Conference Call;RADWARE LTD;
1659206;Radware Ltd;RDWR;Q3 2007 Radware Earnings Conference Call;RADWARE LTD;
2459055;Radware Ltd;RDWR;Q3 2009 Radware Earnings Conference Call;RADWARE LTD;
2186489;Radware Ltd;RDWR;Q1 2009 Radware Earnings Conference Call;RADWARE LTD;
2309453;Radware Ltd;RDWR;Q2 2009 Radware Earnings Conference Call;RADWARE LTD;
2078023;Radware Ltd;RDWR;Q4 2008 Radware Earnings Conference Call;RADWARE LTD;
3206622;Radware Ltd;RDWR;Q2 2010 Radware Earnings Conference Call;RADWARE LTD;
3414597;Radware Ltd;RDWR;Q3 2010 Radware Earnings Conference Call;RADWARE LTD;
2994672;Radware Ltd;RDWR;Q1 2010 Radware Earnings Conference Call;RADWARE LTD;
2678233;Radware Ltd;RDWR;Q4 2009 Radware Earnings Conference Call;RADWARE LTD;
3651487;Radware Ltd;RDWR;Q4 2010 Radware Earnings Conference Call;RADWARE LTD;
991255;Radware Ltd;RDWR;Q4 2004 Radware Earnings Conference Call;RADWARE LTD;
1093872;Radware Ltd;RDWR;Preliminary Q2 2005 Radware Earnings Conference Call;RADWARE LTD;
1142412;Radware Ltd;RDWR;Q3 2005 Radware Earnings Conference Call;RADWARE LTD;
1100082;Radware Ltd;RDWR;Q2 2005 Radware Earnings Conference Call;RADWARE LTD;
1045075;Radware Ltd;RDWR;Q1 2005 Radware Earnings Conference Call;RADWARE LTD;
694509;Radware Ltd;RDWR;Q4 2002 Radware Earnings Conference Call;RADWARE LTD;
790242;Radware Ltd;RDWR;Q3 2003 Radware Earnings Conference Call;RADWARE LTD;
726942;Radware Ltd;RDWR;Q1 2003 Radware Earnings Conference Call;RADWARE LTD;
758602;Radware Ltd;RDWR;Q2 2003 Radware Earnings Conference Call;RADWARE LTD;
871543;Radware Ltd;RDWR;Q1 2004 Radware Earnings Conference Call;RADWARE LTD;
830871;Radware Ltd;RDWR;Q4 2003 Radware Earnings Conference Call;RADWARE LTD;
954969;Radware Ltd;RDWR;Q3 2004 Radware Earnings Conference Call;RADWARE LTD;
910558;Radware Ltd;RDWR;Q2 2004 Radware Earnings Conference Call;RADWARE LTD;
5499736;Radware Ltd;RDWR;Q3 2014 Radware Ltd Earnings Call;RADWARE LTD;
5438965;Radware Ltd;RDWR;Q2 2014 Radware Ltd Earnings Call;RADWARE LTD;
5760759;Radware Ltd;RDWR;Q2 2015 Radware Ltd Earnings Call;RADWARE LTD;
5830884;Radware Ltd;RDWR;Preliminary Q3 2015 Radware Ltd Earnings Call;RADWARE LTD;
5832459;Radware Ltd;RDWR;Q3 2015 Radware Ltd Earnings Call;RADWARE LTD;
5675523;Radware Ltd;RDWR;Q1 2015 Radware Ltd Earnings Call;RADWARE LTD;
5593573;Radware Ltd;RDWR;Q4 2014 Radware Ltd Earnings Call;RADWARE LTD;
6472181;Radware Ltd;RDWR;Q4 2016 Radware Ltd Earnings Call;RADWARE LTD;
6472225;Radware Ltd;RDWR;Q3 2017 Radware Ltd Earnings Call;RADWARE LTD;
6472185;Radware Ltd;RDWR;Q1 2017 Radware Ltd Earnings Call ;RADWARE LTD;
6472200;Radware Ltd;RDWR;Q2 2017 Radware Ltd Earnings Call;RADWARE LTD;
12159006;Radware Ltd;RDWR;Q4 2018 Radware Ltd Earnings Call;RADWARE LTD;
12159014;Radware Ltd;RDWR;Q2 2019 Radware Ltd Earnings Call;RADWARE LTD;
12159016;Radware Ltd;RDWR;Q3 2019 Radware Ltd Earnings Call;RADWARE LTD;
12159011;Radware Ltd;RDWR;Q1 2019 Radware Ltd Earnings Call;RADWARE LTD;
12789727;Radware Ltd;RDWR;Q1 2020 Radware Ltd Earnings Call;RADWARE LTD;
12789726;Radware Ltd;RDWR;Q4 2019 Radware Ltd Earnings Call;RADWARE LTD;
12789728;Radware Ltd;RDWR.OQ;Q2 2020 Radware Ltd Earnings Call;RADWARE LTD;
12789729;Radware Ltd;RDWR.OQ;Q3 2020 Radware Ltd Earnings Call;RADWARE LTD;
11081568;Radware Ltd;RDWR;Q4 2017 Radware Ltd Earnings Call;RADWARE LTD;
11081632;Radware Ltd;RDWR;Q2 2018 Radware Ltd Earnings Call;RADWARE LTD;
11081545;Radware Ltd;RDWR;Q1 2018 Radware Ltd Earnings Call;RADWARE LTD;
11081665;Radware Ltd;RDWR;Q3 2018 Radware Ltd Earnings Call;RADWARE LTD;
3935790;Radware Ltd;RDWR;Q1 2011 Radware Ltd Earnings Conference Call;RADWARE LTD;
4206637;Radware Ltd;RDWR;Q3 2011 Radware Ltd Earnings Conference Call;RADWARE LTD;
4140424;Radware Ltd;RDWR;Q2 2011 Radware Ltd Earnings Conference Call;RADWARE LTD;
6053356;Radware Ltd;RDWR;Q2 2016 Radware Ltd Earnings Call;RADWARE LTD;
5975658;Radware Ltd;RDWR;Q1 2016 Radware Ltd Earnings Call;RADWARE LTD;
5897278;Radware Ltd;RDWR;Q4 2015 Radware Ltd Earnings Call;RADWARE LTD;
6126096;Radware Ltd;RDWR;Preliminary Q3 2016 Radware Ltd Earnings Call;RADWARE LTD;
6132197;Radware Ltd;RDWR;Q3 2016 Radware Ltd Earnings Call;RADWARE LTD;
1006534;Radyne Corp;RADN.O^H08;Q4 2004 Radyne Comstream Earnings Conference Call;RADYNE COMSTREAM INC;
1055278;Radyne Corp;RADN.O^H08;Q1 2005 Radyne Comstream Earnings Conference Call;RADYNE COMSTREAM INC;
801270;Radyne Corp;RADN.O^H08;Q3 2003 Radyne Comstream Earnings Conference Call;RADYNE COMSTREAM INC;
768250;Radyne Corp;RADN.O^H08;Q2 2003 Radyne Comstream Earnings Conference Call;RADYNE COMSTREAM INC;
881007;Radyne Corp;RADN.O^H08;Q1 2004 Radyne Comstream Earnings Conference Call;RADYNE COMSTREAM INC;
958256;Radyne Corp;RADN.O^H08;Q3 2004 Radyne Comstream Earnings Conference Call;RADYNE COMSTREAM INC;
919082;Radyne Corp;RADN.O^H08;Q2 2004 Radyne Comstream Earnings Conference Call;RADYNE COMSTREAM INC;
849569;Radyne Corp;RADN.O^H08;Q4 2003 Radyne Comstream Earnings Conference Call;RADYNE COMSTREAM INC;
1795989;Radyne Corp;RADN.O^H08;Q4 2007 Radyne Corporation Earnings Conference Call;RADYNE CORP;
1401783;Radyne Corp;RADN.O^H08;Q3 2006 Radyne Corporation Earnings Conference Call;RADYNE CORP;
1297889;Radyne Corp;RADN.O^H08;Q1 2006 Radyne Corporation Earnings Conference Call;RADYNE CORP;
1353182;Radyne Corp;RADN.O^H08;Q2 2006 Radyne Corporation Earnings Conference Call;RADYNE CORP;
1207420;Radyne Corp;RADN.O^H08;Q4 2005 Radyne Corporation Earnings Conference Call;RADYNE CORP;
1531268;Radyne Corp;RADN.O^H08;Q1 2007 Radyne Corporation Earnings Conference Call;RADYNE CORP;
1608163;Radyne Corp;RADN.O^H08;Q2 2007 Radyne Corporation Earnings Conference Call;RADYNE CORP;
1674622;Radyne Corp;RADN.O^H08;Q3 2007 Radyne Corporation Earnings Conference Call;RADYNE CORP;
1471201;Radyne Corp;RADN.O^H08;Q4 2006 Radyne Corporation Earnings Conference Call;RADYNE CORP;
1101177;Radyne Corp;RADN.O^H08;Q2 2005 Radyne Corporation Earnings Conference Call;RADYNE CORP;
1150499;Radyne Corp;RADN.O^H08;Q3 2005 Radyne Corporation Earnings Conference Call;RADYNE CORP;
4780421;RailAmerica Inc;RA^J12;Q1 2012 RailAmerica, Inc. Earnings Conference Call;RAILAMERICA INC;
4691631;RailAmerica Inc;RA^J12;Q4 2011 RailAmerica, Inc. Earnings Conference Call;RAILAMERICA INC;
1294576;RailAmerica Inc;RA^J12;Q1 2006 RailAmerica, Inc. Earnings Conference Call;RAILAMERICA INC;
1338641;RailAmerica Inc;RA^J12;Q2 2006 RailAmerica, Inc. Earnings Conference Call;RAILAMERICA INC;
1191325;RailAmerica Inc;RA^J12;Q4 2005 RailAmerica, Inc. Earnings Conference Call;RAILAMERICA INC;
1402835;RailAmerica Inc;RA^J12;Q3 2006 RailAmerica, Inc. Earnings Conference Call;RAILAMERICA INC;
2524946;RailAmerica Inc;RA^J12;Q3 2009 RailAmerica, Inc. Earnings Conference Call;RAILAMERICA INC;
2981408;RailAmerica Inc;RA^J12;Q1 2010 RailAmerica, Inc. Earnings Conference Call;RAILAMERICA INC;
3191620;RailAmerica Inc;RA^J12;Q2 2010 RailAmerica, Inc. Earnings Conference Call;RAILAMERICA INC;
2697751;RailAmerica Inc;RA^J12;Q4 2009 RailAmerica, Inc. Earnings Conference Call;RAILAMERICA INC;
3414610;RailAmerica Inc;RA^J12;Q3 2010 RailAmerica, Inc. Earnings Conference Call;RAILAMERICA INC;
3672101;RailAmerica Inc;RA^J12;Q4 2010 RailAmerica, Inc. Earnings Conference Call;RAILAMERICA INC;
1090151;RailAmerica Inc;RA^J12;Q2 2005 RailAmerica, Inc. Earnings Conference Call;RAILAMERICA INC;
1039174;RailAmerica Inc;RA^J12;Q1 2005 RailAmerica, Inc. Earnings Conference Call;RAILAMERICA INC;
1143513;RailAmerica Inc;RA^J12;Q3 2005 RailAmerica, Inc. Earnings Conference Call;RAILAMERICA INC;
1015199;RailAmerica Inc;RA^J12;Q4 2004 RailAmerica, Inc. Earnings Conference Call;RAILAMERICA INC;
766076;RailAmerica Inc;RA^J12;Q2 2003 RailAmerica, Inc. Earnings Conference Call;RAILAMERICA INC;
784081;RailAmerica Inc;RA^J12;Q3 2003 RailAmerica, Inc. Earnings Conference Call;RAILAMERICA INC;
956151;RailAmerica Inc;RA^J12;Q3 2004 RailAmerica, Inc. Earnings Conference Call;RAILAMERICA INC;
877584;RailAmerica Inc;RA^J12;Q1 2004 RailAmerica, Inc. Earnings Conference Call;RAILAMERICA INC;
917400;RailAmerica Inc;RA^J12;Q2 2004 RailAmerica, Inc. Earnings Presentation;RAILAMERICA INC;
845903;RailAmerica Inc;RA^J12;Q4 2003 RailAmerica, Inc. Earnings Conference Call;RAILAMERICA INC;
4207473;RailAmerica Inc;RA^J12;Q3 2011 Railamerica Inc Earnings Conference Call;RAILAMERICA INC;
3945600;RailAmerica Inc;RA^J12;Q1 2011 Railamerica Inc Earnings Conference Call;RAILAMERICA INC;
4148064;RailAmerica Inc;RA^J12;Q2 2011 Railamerica Inc Earnings Conference Call;RAILAMERICA INC;
12501912;Rain Industries Ltd;RAIN.NSE;Q1 2019 Rain Industries Ltd Earnings Call;ORION INDUSTRIES LTD;BAD
12347733;Rain Industries Ltd;RAIN.NSE;Q4 2018 Rain Industries Ltd Earnings Call;ORION INDUSTRIES LTD;BAD
12855797;Rain Industries Ltd;RAIN.NSE;Q3 2019 Rain Industries Ltd Earnings Call;ORION INDUSTRIES LTD;BAD
12691224;Rain Industries Ltd;RAIN.NSE;Q2 2019 Rain Industries Ltd Earnings Call;ORION INDUSTRIES LTD;BAD
13188664;Rain Industries Ltd;RAID.NS;Q1 2020 Rain Industries Ltd Earnings Call;ORION INDUSTRIES LTD;BAD
13446530;Rain Industries Ltd;RAID.NS;Q3 2020 Rain Industries Ltd Earnings Call;ORION INDUSTRIES LTD;BAD
13275264;Rain Industries Ltd;RAID.NS;Q2 2020 Rain Industries Ltd Earnings Call;ORION INDUSTRIES LTD;BAD
13049235;Rain Industries Ltd;RAIN.NSE;Q4 2019 Rain Industries Ltd Earnings Call;ORION INDUSTRIES LTD;BAD
12154435;Rain Industries Ltd;RAIN.NSE;Q3 2018 Rain Industries Ltd Earnings Call;ORION INDUSTRIES LTD;BAD
11695375;Rain Industries Ltd;RAIN.NSE;Q2 2018 Rain Industries Ltd Earnings Call;ORION INDUSTRIES LTD;BAD
11498251;Rain Industries Ltd;RAIN.NSE;Q1 2018 Rain Industries Ltd Earnings Call;ORION INDUSTRIES LTD;BAD
640512;Rainbow Media Group;Rainbow Media Group;Q2 2002 Rainbow Media Group Earnings Conference Call;BANCTRUST FINANCIAL GROUP INC;BAD
753349;Rainbow Rentals, Inc.;Rainbow Rentals, Inc.;Q2 2003 Rainbow Rentals, Inc. Earnings Conference Call;RAINBOW RENTALS INC;
619582;SafeNet Inc;SFNT.O^D07;Q1 2002 Rainbow Technologies Earnings Conference Call;RAINBOW TECHNOLOGIES INC;
749705;SafeNet Inc;SFNT.O^D07;Q2 2003 Rainbow Technologies Earnings Conference Call;RAINBOW TECHNOLOGIES INC;
846341;SafeNet Inc;SFNT.O^D07;Q4 2003 Rainbow Technologies Earnings Conference Call;RAINBOW TECHNOLOGIES INC;
1136124;West Corp;WSTC;Q3 2005 Raindance Financial Results Conference Call;BANCTRUST FINANCIAL GROUP INC;BAD
1198510;West Corp;WSTC;Q4 2005 Raindance Earnings Conference Call;RAINDANCE COMMUNICATIONS INC;
1086048;West Corp;WSTC;Q2 2005 Raindance Earnings Conference Call;RAINDANCE COMMUNICATIONS INC;
1048810;West Corp;WSTC;Q1 2005 Raindance Earnings Conference Call;RAINDANCE COMMUNICATIONS INC;
1003477;West Corp;WSTC;Q4 2004 Raindance Earnings Conference Call;RAINDANCE COMMUNICATIONS INC;
787673;West Corp;WSTC;Q3 2003 Raindance Earnings Conference Call;RAINDANCE COMMUNICATIONS INC;
722627;West Corp;WSTC;Q1 2003 Raindance Earnings Conference Call;RAINDANCE COMMUNICATIONS INC;
695740;West Corp;WSTC;Q4 2002 Raindance Earnings Conference Call;RAINDANCE COMMUNICATIONS INC;
758027;West Corp;WSTC;Q2 2003 Raindance Earnings Conference Call;RAINDANCE COMMUNICATIONS INC;
876395;West Corp;WSTC;Q1 2004 Raindance Earnings Conference Call;RAINDANCE COMMUNICATIONS INC;
955002;West Corp;WSTC;Q3 2004 Raindance Earnings Conference Call;RAINDANCE COMMUNICATIONS INC;
915944;West Corp;WSTC;Q2 2004 Raindance Earnings Conference Call;RAINDANCE COMMUNICATIONS INC;
840971;West Corp;WSTC;Q4 2003 Raindance Earnings Conference Call;RAINDANCE COMMUNICATIONS INC;
4864838;Rainmaker Systems Inc;VCTL;Q2 2012 Rainmaker Systems, Inc. Earnings Conference Call;RAINMAKER SYSTEMS INC;
4732928;Rainmaker Systems Inc;VCTL;Q4 2011 Rainmaker Systems, Inc. Earnings Conference Call;RAINMAKER SYSTEMS INC;
4790753;Rainmaker Systems Inc;VCTL;Q1 2012 Rainmaker Systems, Inc. Earnings Conference Call;RAINMAKER SYSTEMS INC;
1739609;Rainmaker Systems Inc;VCTL;Q4 2007 Rainmaker Systems, Inc. Earnings Conference Call;RAINMAKER SYSTEMS INC;
1892711;Rainmaker Systems Inc;VCTL;Q2 2008 Rainmaker Systems, Inc. Earnings Conference Call;RAINMAKER SYSTEMS INC;
1992686;Rainmaker Systems Inc;VCTL;Q3 2008 Rainmaker Systems, Inc. Earnings Conference Call;RAINMAKER SYSTEMS INC;
1820186;Rainmaker Systems Inc;VCTL;Q1 2008 Rainmaker Systems, Inc. Earnings Conference Call;RAINMAKER SYSTEMS INC;
1596951;Rainmaker Systems Inc;VCTL;Q2 2007 Rainmaker Systems, Inc. Earnings Conference Call;RAINMAKER SYSTEMS INC;
1532498;Rainmaker Systems Inc;VCTL;Q1 2007 Rainmaker Systems, Inc. Earnings Conference Call;RAINMAKER SYSTEMS INC;
1667552;Rainmaker Systems Inc;VCTL;Q3 2007 Rainmaker Systems, Inc. Earnings Conference Call;RAINMAKER SYSTEMS INC;
1456332;Rainmaker Systems Inc;VCTL;Q4 2006 Rainmaker Systems, Inc. Earnings Conference Call;RAINMAKER SYSTEMS INC;
2083517;Rainmaker Systems Inc;VCTL;Q4 2008 Rainmaker Systems, Inc. Earnings Conference Call;RAINMAKER SYSTEMS INC;
2165451;Rainmaker Systems Inc;VCTL;Q1 2009 Rainmaker Systems, Inc. Earnings Conference Call;RAINMAKER SYSTEMS INC;
3433362;Rainmaker Systems Inc;VCTL;Q3 2010 Rainmaker Systems, Inc. Earnings Conference Call;RAINMAKER SYSTEMS INC;
3212179;Rainmaker Systems Inc;VCTL;Q2 2010 Rainmaker Systems, Inc. Earnings Conference Call;RAINMAKER SYSTEMS INC;
3003819;Rainmaker Systems Inc;VCTL;Q1 2010 Rainmaker Systems, Inc. Earnings Conference Call;RAINMAKER SYSTEMS INC;
2754521;Rainmaker Systems Inc;VCTL;Q4 2009 Rainmaker Systems, Inc. Earnings Conference Call;RAINMAKER SYSTEMS INC;
3981354;Rainmaker Systems Inc;VCTL;Q1 2011 Rainmaker Systems Inc Earnings Conference Call;RAINMAKER SYSTEMS INC;
4220477;Rainmaker Systems Inc;VCTL;Q3 2011 Rainmaker Systems Inc Earnings Conference Call;RAINMAKER SYSTEMS INC;
4159596;Rainmaker Systems Inc;VCTL;Q2 2011 Rainmaker Systems Inc Earnings Conference Call;RAINMAKER SYSTEMS INC;
3697902;Rainmaker Systems Inc;VCTL;Q4 2010 Rainmaker Systems, Inc. Earnings Conference Call;RAINMAKER SYSTEMS INC;
12895012;Rakon Ltd;RAK.NZ;Half Year 2020 Rakon Ltd Earnings Call;ABITIBI POWER & PAPER LTD;BAD
13198153;Rakon Ltd;RAK.NZ;Full Year 2020 Rakon Ltd Earnings Call;ABITIBI POWER & PAPER LTD;BAD
13496054;Rakon Ltd;RAK.NZ;Half Year 2021 Rakon Ltd Earnings Call;ABITIBI POWER & PAPER LTD;BAD
5452803;Rakuten Inc;4755.T;Q2 2014 Rakuten Inc Earnings Presentation  and Webcast;OPTIMUM MANUFACTURING INC;BAD
5299540;Rakuten Inc;4755.T;Full Year 2013 Rakuten Inc Earnings Presentation and Webcast;OPTIMUM MANUFACTURING INC;BAD
5224528;Rakuten Inc;4755.T;Full Year 2013 Rakuten Inc Earnings Presentation and Webcast (Japanese);OPTIMUM MANUFACTURING INC;BAD
5359352;Rakuten Inc;4755.T;Q2 2014 Rakuten Inc Earnings Presentation and Webcast (Japanese);OPTIMUM MANUFACTURING INC;BAD
5275566;Rakuten Inc;4755.T;Q1 2014 Rakuten Inc Earnings Presentation and Webcast (Japanese);OPTIMUM MANUFACTURING INC;BAD
5529557;Rakuten Inc;4755.T;Q3 2014 Rakuten Inc Earnings Presentation and Webcast;OPTIMUM MANUFACTURING INC;BAD
5625696;Rakuten Inc;4755.T;Full Year 2014 Rakuten Inc Earnings Presentation and Webcast;OPTIMUM MANUFACTURING INC;BAD
5777231;Rakuten Inc;4755.T;Q2 2015 Rakuten Inc Earnings Presentation;OPTIMUM MANUFACTURING INC;BAD
5713077;Rakuten Inc;4755.T;Q1 2015 Rakuten Inc Earnings Presentation;OPTIMUM MANUFACTURING INC;BAD
5848674;Rakuten Inc;4755.T;Q3 2015 Rakuten Inc Earnings Presentation;OPTIMUM MANUFACTURING INC;BAD
4733612;Rakuten Inc;4755.T;Q1 2012 Rakuten Inc Earnings Presentation and Webcast (Japanese);OPTIMUM MANUFACTURING INC;BAD
4819330;Rakuten Inc;4755.T;Q2 2012 Rakuten Inc Earnings Presentation and Webcast (Japanese);OPTIMUM MANUFACTURING INC;BAD
4830195;Rakuten Inc;4755.T;Q1 Rakuten Inc Earnings Presentation and Webcast;OPTIMUM MANUFACTURING INC;BAD
4243229;Rakuten Inc;4755.T;Full Year 2011 Rakuten Inc Earnings Presentation and Webcast (Japanese);OPTIMUM MANUFACTURING INC;BAD
4728396;Rakuten Inc;4755.T;Full Year 2011 Rakuten Inc Earnings Presentation Webcast;OPTIMUM MANUFACTURING INC;BAD
8198403;Rakuten Inc;4755.T;Full Year 2016 Rakuten Inc Earnings Presentation;OPTIMUM MANUFACTURING INC;BAD
11036600;Rakuten Inc;4755.T;Q3 2017 Rakuten Inc Earnings Presentation;OPTIMUM MANUFACTURING INC;BAD
10791632;Rakuten Inc;4755.T;Q2 2017 Rakuten Inc Earnings Presentation;OPTIMUM MANUFACTURING INC;BAD
10443882;Rakuten Inc;4755.T;Q1 2017 Rakuten Inc Earnings Presentation;OPTIMUM MANUFACTURING INC;BAD
12534170;Rakuten Inc;4755.T;Q1 2019 Rakuten Inc Earnings Presentation;OPTIMUM MANUFACTURING INC;BAD
12778059;Rakuten Inc;4755.T;Q3 2019 Rakuten Inc Earnings Presentation;OPTIMUM MANUFACTURING INC;BAD
12314890;Rakuten Inc;4755.T;Full Year 2018 Rakuten Inc Earnings Presentation;OPTIMUM MANUFACTURING INC;BAD
12667800;Rakuten Inc;4755.T;Q2 2019 Rakuten Inc Earnings Presentation;OPTIMUM MANUFACTURING INC;BAD
13447735;Rakuten Inc;4755.T;Q3 2020 Rakuten Inc Earnings Presentation;OPTIMUM MANUFACTURING INC;BAD
13277645;Rakuten Inc;4755.T;Q2 2020 Rakuten Inc Earnings Presentation;OPTIMUM MANUFACTURING INC;BAD
13132496;Rakuten Inc;4755.T;Q1 2020 Rakuten Inc Earnings Presentation;OPTIMUM MANUFACTURING INC;BAD
13000292;Rakuten Inc;4755.T;Full Year 2019 Rakuten Inc Earnings and Strategy Session by Section Presentation;OPTIMUM MANUFACTURING INC;BAD
11259955;Rakuten Inc;4755.T;Full Year 2017 Rakuten Inc Earnings Presentation;OPTIMUM MANUFACTURING INC;BAD
12182927;Rakuten Inc;4755.T;Q3 2018 Rakuten Inc Earnings Presentation;OPTIMUM MANUFACTURING INC;BAD
11504596;Rakuten Inc;4755.T;Q1 2018 Rakuten Inc Earnings Presentation;OPTIMUM MANUFACTURING INC;BAD
11680239;Rakuten Inc;4755.T;Q2 2018 Rakuten Inc Earnings Presentation;OPTIMUM MANUFACTURING INC;BAD
4149317;Rakuten Inc;4755.T;Q2 2011 Rakuten Inc Earnings Presentation (Japanese);OPTIMUM MANUFACTURING INC;BAD
4173497;Rakuten Inc;4755.T;Q3 2011 Rakuten Inc Earnings Presentation and Webcast (Japanese);OPTIMUM MANUFACTURING INC;BAD
4246198;Rakuten Inc;4755.T;Q3 2011 Rakuten Inc Earnings Presentation and Webcast;OPTIMUM MANUFACTURING INC;BAD
6593742;Rakuten Inc;4755.T;Q3 2016 Rakuten Inc Earnings Presentation;OPTIMUM MANUFACTURING INC;BAD
6016674;Rakuten Inc;4755.T;Q1 2016 Rakuten Inc Earnings Presentation;OPTIMUM MANUFACTURING INC;BAD
5924641;Rakuten Inc;4755.T;Full Year 2015 Rakuten Inc Earnings Presentation;OPTIMUM MANUFACTURING INC;BAD
6062315;Rakuten Inc;4755.T;Q2 2016 Rakuten Inc Earnings Presentation;OPTIMUM MANUFACTURING INC;BAD
4711207;TreeHouse Private Brands Inc;RAH^A13;Q1 2012 Ralcorp Holdings Inc. Earnings Conference Call;RALCORP HOLDINGS INC;
4875989;TreeHouse Private Brands Inc;RAH^A13;Q3 2012 Ralcorp Holdings, Inc. Earnings Conference Call;RALCORP HOLDINGS INC;
4789835;TreeHouse Private Brands Inc;RAH^A13;Q2 2012 Ralcorp Holdings, Inc. Earnings Conference Call;RALCORP HOLDINGS INC;
4234696;TreeHouse Private Brands Inc;RAH^A13;Q4 2011 Ralcorp Holdings, Inc. Earnings Conference Call;RALCORP HOLDINGS INC;
4170910;TreeHouse Private Brands Inc;RAH^A13;Q3 2011 Ralcorp Holdings, Inc. Earnings Conference Call;RALCORP HOLDINGS INC;
5233094;Rally Software Development Corp;RALY.K^G15;Q3 2014 Rally Software Development Corp. Earnings Conference Call;RALLY SOFTWARE DEVELOPMENT CORP;
5170808;Rally Software Development Corp;RALY.K^G15;Q2 2014 Rally Software Development Corp. Earnings Conference Call;RALLY SOFTWARE DEVELOPMENT CORP;
5102144;Rally Software Development Corp;RALY.K^G15;Q1 2014 Rally Software Development Corp. Earnings Conference Call;RALLY SOFTWARE DEVELOPMENT CORP;
5307245;Rally Software Development Corp;RALY.K^G15;Q4 2014 Rally Software Development Corp. Earnings Conference Call;RALLY SOFTWARE DEVELOPMENT CORP;
5371144;Rally Software Development Corp;RALY.K^G15;Q1 2015 Rally Software Development Corp. Earnings Conference Call;RALLY SOFTWARE DEVELOPMENT CORP;
5458244;Rally Software Development Corp;RALY.K^G15;Q2 2015 Rally Software Development Corp Earnings Call;RALLY SOFTWARE DEVELOPMENT CORP;
5546833;Rally Software Development Corp;RALY.K^G15;Q3 2015 Rally Software Development Corp Earnings Call;RALLY SOFTWARE DEVELOPMENT CORP;
5646800;Rally Software Development Corp;RALY.K^G15;Q4 2015 Rally Software Development Corp Earnings Call;RALLY SOFTWARE DEVELOPMENT CORP;
5077624;Ralph Lauren Corp;RL;Q4 2013 Ralph Lauren Corporation Earnings Conference Call;RALPH LAUREN CORP;
5140137;Ralph Lauren Corp;RL;Q1 2014 Ralph Lauren Corporation Earnings Conference Call;RALPH LAUREN CORP;
4990381;Ralph Lauren Corp;RL;Q3 2013 Ralph Lauren Corporation Earnings Conference Call;RALPH LAUREN CORP;
5204664;Ralph Lauren Corp;RL;Q2 2014 Ralph Lauren Corporation Earnings Conference Call;RALPH LAUREN CORP;
5350538;Ralph Lauren Corp;RL;Q4 2014 Ralph Lauren Corporation Earnings Conference Call;RALPH LAUREN CORP;
5274244;Ralph Lauren Corp;RL;Q3 2014 Ralph Lauren Corporation Earnings Conference Call;RALPH LAUREN CORP;
4711571;Ralph Lauren Corp;RL;Q3 2012 Ralph Lauren Corporation Earnings Conference Call;RALPH LAUREN CORP;
4804608;Ralph Lauren Corp;RL;Q4 2012 Ralph Lauren Corporation Earnings Conference Call;RALPH LAUREN CORP;
4922139;Ralph Lauren Corp;RL;Q2 2013 Ralph Lauren Corporation Earnings Conference Call;RALPH LAUREN CORP;
4866056;Ralph Lauren Corp;RL;Q1 2013 Ralph Lauren Corporation Earnings Conference Call;RALPH LAUREN CORP;
1744185;Ralph Lauren Corp;RL;Q3 2008 Polo Ralph Lauren Corporation Earnings Conference Call;POLO RALPH LAUREN CORP;
1850817;Ralph Lauren Corp;RL;Q4 2008 Polo Ralph Lauren Corporation Earnings Conference Call;POLO RALPH LAUREN CORP;
1907493;Ralph Lauren Corp;RL;Q1 2009 Polo Ralph Lauren Corporation Earnings Conference Call;POLO RALPH LAUREN CORP;
2001050;Ralph Lauren Corp;RL;Q2 2009 Polo Ralph Lauren Corporation Earnings Conference Call;POLO RALPH LAUREN CORP;
1194351;Ralph Lauren Corp;RL;Q3 2006 Polo Ralph Lauren Corporation Earnings Conference Call  (*all dates are subject to change);POLO RALPH LAUREN CORP;
1403515;Ralph Lauren Corp;RL;Q2 2007 Polo Ralph Lauren Corporation Earnings Conference Call;POLO RALPH LAUREN CORP;
1308100;Ralph Lauren Corp;RL;Q4 2006 Polo Ralph Lauren Corporation Earnings Conference Call;POLO RALPH LAUREN CORP;
1357808;Ralph Lauren Corp;RL;Q1 2007 Polo Ralph Lauren Corporation Earnings Conference Call;POLO RALPH LAUREN CORP;
1678366;Ralph Lauren Corp;RL;Q2 2008 Polo Ralph Lauren Corporation Earnings Conference Call;POLO RALPH LAUREN CORP;
1463159;Ralph Lauren Corp;RL;Q3 2007 Polo Ralph Lauren Corporation Earnings Conference Call;POLO RALPH LAUREN CORP;
1557856;Ralph Lauren Corp;RL;Q4 2007 Polo Ralph Lauren Corporation Earnings Conference Call;POLO RALPH LAUREN CORP;
1613370;Ralph Lauren Corp;RL;Q1 2008 Polo Ralph Lauren Corporation Earnings Conference Call;POLO RALPH LAUREN CORP;
2071753;Ralph Lauren Corp;RL;Q3 2009 Polo Ralph Lauren Corporation Earnings Conference Call;POLO RALPH LAUREN CORP;
2331261;Ralph Lauren Corp;RL;Q1 2010 Polo Ralph Lauren Corporation Earnings Conference Call;POLO RALPH LAUREN CORP;
2496753;Ralph Lauren Corp;RL;Q2 2010 Polo Ralph Lauren Corporation Earnings Conference Call;POLO RALPH LAUREN CORP;
2212415;Ralph Lauren Corp;RL;Q4 2009 Polo Ralph Lauren Corporation Earnings Conference Call;POLO RALPH LAUREN CORP;
3073924;Ralph Lauren Corp;RL;Q4 2010 Polo Ralph Lauren Corporation Earnings Conference Call;POLO RALPH LAUREN CORP;
3455574;Ralph Lauren Corp;RL;Q2 2011 Polo Ralph Lauren Corporation Earnings Conference Call;POLO RALPH LAUREN CORP;
3231307;Ralph Lauren Corp;RL;Q1 2011 Polo Ralph Lauren Corporation Earnings Conference Call;POLO RALPH LAUREN CORP;
2683555;Ralph Lauren Corp;RL;Q3 2010 Polo Ralph Lauren Corporation Earnings Conference Call;POLO RALPH LAUREN CORP;
3689928;Ralph Lauren Corp;RL;Q3 2011 Polo Ralph Lauren Corporation Earnings Conference Call;POLO RALPH LAUREN CORP;
1066320;Ralph Lauren Corp;RL;Q4 2005 Polo Ralph Lauren Corporation Earnings Conference Call;POLO RALPH LAUREN CORP;
1145133;Ralph Lauren Corp;RL;Q2 2006 Polo Ralph Lauren Corporation Earnings Conference Call;POLO RALPH LAUREN CORP;
1102915;Ralph Lauren Corp;RL;Q1 2006 Polo Ralph Lauren Corporation Earnings Conference Call;POLO RALPH LAUREN CORP;
997534;Ralph Lauren Corp;RL;Q3 2005 Polo Ralph Lauren Corporation Earnings Conference Call;POLO RALPH LAUREN CORP;
671260;Ralph Lauren Corp;RL;Q2 2003 Polo Ralph Lauren Earnings Conference Call;POLO RALPH LAUREN CORP;
649787;Ralph Lauren Corp;RL;Q1 2003 Polo Ralph Lauren Earnings Conference Call;POLO RALPH LAUREN CORP;
742376;Ralph Lauren Corp;RL;Q4 2003 Polo Ralph Lauren Corporation Earnings Conference Call;POLO RALPH LAUREN CORP;
703246;Ralph Lauren Corp;RL;Q3 2003 Polo Ralph Lauren Corporation Earnings Conference Call;POLO RALPH LAUREN CORP;
766546;Ralph Lauren Corp;RL;Q1 2004 Polo Ralph Lauren Corporation Earnings Conference Call;POLO RALPH LAUREN CORP;
798734;Ralph Lauren Corp;RL;Q2 2004 Polo Ralph Lauren Corporation Earnings Conference Call;POLO RALPH LAUREN CORP;
911457;Ralph Lauren Corp;RL;Q1 2005 Polo Ralph Lauren Corporation Earnings Conference Call;POLO RALPH LAUREN CORP;
951874;Ralph Lauren Corp;RL;Q2 2005 Polo Ralph Lauren Corporation Earnings Conference Call;POLO RALPH LAUREN CORP;
874758;Ralph Lauren Corp;RL;Q4 FY 2004 Polo Ralph Lauren Corporation Earnings Conference Call;POLO RALPH LAUREN CORP;
838728;Ralph Lauren Corp;RL;Q3 2004 Polo Ralph Lauren Corporation Earnings Conference Call;POLO RALPH LAUREN CORP;
5438334;Ralph Lauren Corp;RL;Q1 2015 Ralph Lauren Corp Earnings Call;RALPH LAUREN CORP;
5504292;Ralph Lauren Corp;RL;Q2 2015 Ralph Lauren Corp Earnings Call;RALPH LAUREN CORP;
5692477;Ralph Lauren Corp;RL;Q4 2015 Ralph Lauren Corp Earnings Call;RALPH LAUREN CORP;
5837299;Ralph Lauren Corp;RL;Q2 2016 Ralph Lauren Corp Earnings Call;RALPH LAUREN CORP;
5601954;Ralph Lauren Corp;RL;Q3 2015 Ralph Lauren Corp Earnings Call;RALPH LAUREN CORP;
5766416;Ralph Lauren Corp;RL;Q1 2016 Ralph Lauren Corp Earnings Call;RALPH LAUREN CORP;
11017564;Ralph Lauren Corp;RL;Q2 2018 Ralph Lauren Corp Earnings Call;RALPH LAUREN CORP;
7504328;Ralph Lauren Corp;RL;Q3 2017 Ralph Lauren Corp Earnings Call;RALPH LAUREN CORP;
10119329;Ralph Lauren Corp;RL;Q4 2017 Ralph Lauren Corp Earnings Call;RALPH LAUREN CORP;
10733828;Ralph Lauren Corp;RL;Q1 2018 Ralph Lauren Corp Earnings Call;RALPH LAUREN CORP;
12259092;Ralph Lauren Corp;RL;Q3 2019 Ralph Lauren Corp Earnings Call;RALPH LAUREN CORP;
12607963;Ralph Lauren Corp;RL;Q1 2020 Ralph Lauren Corp Earnings Call;RALPH LAUREN CORP;
12792789;Ralph Lauren Corp;RL;Q2 2020 Ralph Lauren Corp Earnings Call;RALPH LAUREN CORP;
12486386;Ralph Lauren Corp;RL;Q4 2019 Ralph Lauren Corp Earnings Call;RALPH LAUREN CORP;
13143524;Ralph Lauren Corp;RL;Q4 2020 Ralph Lauren Corp Earnings Call;RALPH LAUREN CORP;
13262126;Ralph Lauren Corp;RL.N;Q1 2021 Ralph Lauren Corp Earnings Call;RALPH LAUREN CORP;
13413500;Ralph Lauren Corp;RL.N;Q2 2021 Ralph Lauren Corp Earnings Call;RALPH LAUREN CORP;
12985068;Ralph Lauren Corp;RL;Q3 2020 Ralph Lauren Corp Earnings Call;RALPH LAUREN CORP;
11497679;Ralph Lauren Corp;RL;Q4 2018 Ralph Lauren Corp Earnings Call;RALPH LAUREN CORP;
11626472;Ralph Lauren Corp;RL;Q1 2019 Ralph Lauren Corp Earnings Call;RALPH LAUREN CORP;
12077734;Ralph Lauren Corp;RL;Q2 2019 Ralph Lauren Corp Earnings Call;RALPH LAUREN CORP;
11196517;Ralph Lauren Corp;RL;Q3 2018 Ralph Lauren Corp Earnings Call;RALPH LAUREN CORP;
4160741;Ralph Lauren Corp;RL;Q1 2012 Polo Ralph Lauren Corp Earnings Conference Call;POLO RALPH LAUREN CORP;
4223067;Ralph Lauren Corp;RL;Q2 2012 Ralph Lauren Corp Earnings Conference Call;RALPH LAUREN CORP;
4023607;Ralph Lauren Corp;RL;Q4 2011 Polo Ralph Lauren Corp Earnings Conference Call;POLO RALPH LAUREN CORP;
6135044;Ralph Lauren Corp;RL;Q2 2017 Ralph Lauren Corp Earnings Call;RALPH LAUREN CORP;
5903282;Ralph Lauren Corp;RL;Q3 2016 Ralph Lauren Corp Earnings Call;RALPH LAUREN CORP;
5979003;Ralph Lauren Corp;RL;Q4 2016 Ralph Lauren Corp Earnings Call;RALPH LAUREN CORP;
6060748;Ralph Lauren Corp;RL;Q1 2017 Ralph Lauren Corp Earnings Call;RALPH LAUREN CORP;
10422270;Ramaco Resources Inc;METC.OQ;Q1 2017 Ramaco Resources Inc Earnings Call;RAMACO RESOURCES INC;
10755183;Ramaco Resources Inc;METC.OQ;Q2 2017 Ramaco Resources Inc Earnings Call;RAMACO RESOURCES INC;
9960584;Ramaco Resources Inc;METC.OQ;Q4 2016 Ramaco Resources Inc Earnings Call;RAMACO RESOURCES INC;
11062835;Ramaco Resources Inc;METC.OQ;Q3 2017 Ramaco Resources Inc Earnings Call;RAMACO RESOURCES INC;
12412950;Ramaco Resources Inc;METC.OQ;Q4 2018 Ramaco Resources Inc Earnings Call;RAMACO RESOURCES INC;
12628649;Ramaco Resources Inc;METC.OQ;Q2 2019 Ramaco Resources Inc Earnings Call;RAMACO RESOURCES INC;
12831354;Ramaco Resources Inc;METC.OQ;Q3 2019 Ramaco Resources Inc Earnings Call;RAMACO RESOURCES INC;
12529305;Ramaco Resources Inc;METC.OQ;Q1 2019 Ramaco Resources Inc Earnings Call;RAMACO RESOURCES INC;
13465617;Ramaco Resources Inc;METC.OQ;Q3 2020 Ramaco Resources Inc Earnings Call;RAMACO RESOURCES INC;
13041588;Ramaco Resources Inc;METC.OQ;Q4 2019 Ramaco Resources Inc Earnings Call;RAMACO RESOURCES INC;
13288913;Ramaco Resources Inc;METC.OQ;Q2 2020 Ramaco Resources Inc Earnings Call;RAMACO RESOURCES INC;
13162093;Ramaco Resources Inc;METC.OQ;Q1 2020 Ramaco Resources Inc Earnings Call;RAMACO RESOURCES INC;
11448258;Ramaco Resources Inc;METC.OQ;Q4 2017 Ramaco Resources Inc Earnings Call;RAMACO RESOURCES INC;
11695315;Ramaco Resources Inc;METC.OQ;Q2 2018 Ramaco Resources Inc Earnings Call;RAMACO RESOURCES INC;
12172000;Ramaco Resources Inc;METC.OQ;Q3 2018 Ramaco Resources Inc Earnings Call;RAMACO RESOURCES INC;
11507751;Ramaco Resources Inc;METC.OQ;Q1 2018 Ramaco Resources Inc Earnings Call;RAMACO RESOURCES INC;
619329;Rambus Inc;RMBS;Q2 2002 Rambus Earnings Conference Call;RAMBUS INC;
666540;Rambus Inc;RMBS;Q4 2002 Rambus Earnings Conference Call;RAMBUS INC;
645622;Rambus Inc;RMBS;Q3 2002 Rambus Earnings Conference Call;RAMBUS INC;
5058403;Rambus Inc;RMBS;Q1 2013 Rambus Inc. Earnings Conference Call;RAMBUS INC;
5131080;Rambus Inc;RMBS;Q2 2013 Rambus Inc. Earnings Conference Call;RAMBUS INC;
4992206;Rambus Inc;RMBS;Q4 2012 Rambus Inc. Earnings Conference Call;RAMBUS INC;
5201181;Rambus Inc;RMBS;Q3 2013 Rambus Inc. Earnings Conference Call;RAMBUS INC;
5342804;Rambus Inc;RMBS;Q1 2014 Rambus Inc. Earnings Conference Call;RAMBUS INC;
5436782;Rambus Inc;RMBS;Q2 2014 Rambus Inc Earnings Call;RAMBUS INC;
5276829;Rambus Inc;RMBS;Q4 2013 Rambus Inc. Earnings Conference Call;RAMBUS INC;
5507164;Rambus Inc;RMBS;Q3 2014 Rambus Inc Earnings Call;RAMBUS INC;
5606385;Rambus Inc;RMBS;Q4 2014 Rambus Inc Earnings Call;RAMBUS INC;
5683551;Rambus Inc;RMBS;Q1 2015 Rambus Inc Earnings Call;RAMBUS INC;
5835260;Rambus Inc;RMBS;Q3 2015 Rambus Inc Earnings Call;RAMBUS INC;
5764780;Rambus Inc;RMBS;Q2 2015 Rambus Inc Earnings Call;RAMBUS INC;
4862763;Rambus Inc;RMBS;Q2 2012 Rambus Inc. Earnings Conference Call;RAMBUS INC;
4924110;Rambus Inc;RMBS;Q3 2012 Rambus Inc. Earnings Conference Call;RAMBUS INC;
4785845;Rambus Inc;RMBS;Q1 2012 Rambus Inc. Earnings Conference Call;RAMBUS INC;
4712589;Rambus Inc;RMBS;Q4 2011 Rambus Inc. Earnings Conference Call;RAMBUS INC;
1905209;Rambus Inc;RMBS;Q2 2008 Rambus Inc. Earnings Conference Call;RAMBUS INC;
2000108;Rambus Inc;RMBS;Q3 2008 Rambus Inc. Earnings Conference Call;RAMBUS INC;
1745439;Rambus Inc;RMBS;Q4 2007 Rambus Inc. Earnings Conference Call;RAMBUS INC;
1829174;Rambus Inc;RMBS;Q1 2008 Rambus Inc. Earnings Conference Call;RAMBUS INC;
1401210;Rambus Inc;RMBS;Q3 2006 Rambus Inc. Earnings Conference Call;RAMBUS INC;
1196941;Rambus Inc;RMBS;Q4 2005 Rambus Inc. Earnings Conference Call;RAMBUS INC;
1351110;Rambus Inc;RMBS;Q2 2006 Rambus Inc. Earnings Conference Call;RAMBUS INC;
1299625;Rambus Inc;RMBS;Q1 2006 Rambus Inc. Earnings Conference Call;RAMBUS INC;
1679470;Rambus Inc;RMBS;Q3 2007 Rambus Inc. Earnings Conference Call;RAMBUS INC;
1459091;Rambus Inc;RMBS;Q4 2006 Rambus Inc. Earnings Conference Call;RAMBUS INC;
1536849;Rambus Inc;RMBS;Q1 2007 Rambus Inc. Revenue Results;RAMBUS INC;
1607207;Rambus Inc;RMBS;Q2 2007 Rambus Inc. Earnings Conference Call;RAMBUS INC;
2496860;Rambus Inc;RMBS;Q3 2009 Rambus Inc. Earnings Conference Call;RAMBUS INC;
2078612;Rambus Inc;RMBS;Q4 2008 Rambus Inc. Earnings Conference Call;RAMBUS INC;
2176569;Rambus Inc;RMBS;Q1 2009 Rambus Inc. Earnings Conference Call;RAMBUS INC;
2333286;Rambus Inc;RMBS;Q2 2009 Rambus Inc. Earnings Conference Call;RAMBUS INC;
10104805;Rambus Inc;RMBS;Q1 2017 Rambus Inc Earnings Call;RAMBUS INC;
10724765;Rambus Inc;RMBS;Q2 2017 Rambus Inc Earnings Call;RAMBUS INC;
7551536;Rambus Inc;RMBS;Q4 2016 Rambus Inc Earnings Call;RAMBUS INC;
11005868;Rambus Inc;RMBS;Q3 2017 Rambus Inc Earnings Call;RAMBUS INC;
3028727;Rambus Inc;RMBS;Q1 2010 Rambus Inc. Earnings Conference Call;RAMBUS INC;
3228909;Rambus Inc;RMBS;Q2 2010 Rambus Inc. Earnings Conference Call;RAMBUS INC;
2696221;Rambus Inc;RMBS;Q4 2009 Rambus Inc. Earnings Conference Call;RAMBUS INC;
3439976;Rambus Inc;RMBS;Q3 2010 Rambus Inc. Earnings Conference Call;RAMBUS INC;
12805413;Rambus Inc;RMBS;Q3 2019 Rambus Inc Earnings Call;RAMBUS INC;
12468182;Rambus Inc;RMBS;Q1 2019 Rambus Inc Earnings Call;RAMBUS INC;
12274388;Rambus Inc;RMBS;Q4 2018 Rambus Inc Earnings Call;RAMBUS INC;
12620103;Rambus Inc;RMBS;Q2 2019 Rambus Inc Earnings Call;RAMBUS INC;
13112737;Rambus Inc;RMBS;Q1 2020 Rambus Inc Earnings Call;RAMBUS INC;
12991787;Rambus Inc;RMBS;Q4 2019 Rambus Inc Earnings Call;RAMBUS INC;
13453472;Rambus Inc;RMBS.OQ;Q3 2020 Rambus Inc Earnings Call;RAMBUS INC;
13281907;Rambus Inc;RMBS.OQ;Q2 2020 Rambus Inc Earnings Call;RAMBUS INC;
12077723;Rambus Inc;RMBS;Q3 2018 Rambus Inc Earnings Call;RAMBUS INC;
11211524;Rambus Inc;RMBS;Q4 2017 Rambus Inc Earnings Call;RAMBUS INC;
11485991;Rambus Inc;RMBS;Q1 2018 Rambus Inc Earnings Call;RAMBUS INC;
11625928;Rambus Inc;RMBS;Q2 2018 Rambus Inc Earnings Call;RAMBUS INC;
3968247;Rambus Inc;RMBS;Q1 2011 Rambus Inc Earnings Conference Call;RAMBUS INC;
4156873;Rambus Inc;RMBS;Q2 2011 Rambus Inc Earnings Conference Call;RAMBUS INC;
4218803;Rambus Inc;RMBS;Q3 2011 Rambus Inc Earnings Conference Call;RAMBUS INC;
3687121;Rambus Inc;RMBS;Q4 2010 Rambus Inc. Earnings Conference Call;RAMBUS INC;
6055742;Rambus Inc;RMBS;Q2 2016 Rambus Inc Earnings Call;RAMBUS INC;
5979137;Rambus Inc;RMBS;Q1 2016 Rambus Inc Earnings Call;RAMBUS INC;
6126402;Rambus Inc;RMBS;Q3 2016 Rambus Inc Earnings Call;RAMBUS INC;
5906421;Rambus Inc;RMBS;Q4 2015 Rambus Inc Earnings Call;RAMBUS INC;
1000688;Rambus Inc;RMBS;Q4 2004 Rambus Inc. Earnings Conference Call;RAMBUS INC;
1145778;Rambus Inc;RMBS;Q3 2005 Rambus Inc. Earnings Conference Call;RAMBUS INC;
1050903;Rambus Inc;RMBS;Q1 2005 Rambus Inc. Earnings Conference Call;RAMBUS INC;
1098832;Rambus Inc;RMBS;Q2 2005 Rambus Inc. Earnings Conference Call;RAMBUS INC;
758356;Rambus Inc;RMBS;Q2 2003 Rambus Inc. Earnings Conference Call;RAMBUS INC;
696270;Rambus Inc;RMBS;Q1 2003 Rambus Inc. Earnings Conference Call;RAMBUS INC;
795632;Rambus Inc;RMBS;Q3 2003 Rambus Inc. Earnings Conference Call;RAMBUS INC;
731272;Rambus Inc;RMBS;Q1 2003 Rambus Inc. Earnings Conference Call;RAMBUS INC;
837123;Rambus Inc;RMBS;Q4 2003 Rambus Inc. Earnings Conference Call;RAMBUS INC;
914814;Rambus Inc;RMBS;Q2 2004 Rambus Inc. Earnings Conference Call;RAMBUS INC;
877077;Rambus Inc;RMBS;Q1 2004 Rambus Inc. Earnings Conference Call;RAMBUS INC;
953482;Rambus Inc;RMBS;Q3 2004 Rambus Inc. Earnings Conference Call;RAMBUS INC;
13361667;Ramelius Resources Ltd;RMS.AX;Full Year 2020 Ramelius Resources Ltd Earnings Call;XOMA LTD;BAD
13050323;Ramelius Resources Ltd;RMS.AX;Half Year 2020 Ramelius Resources Ltd Earnings Call;XOMA LTD;BAD
6568541;Ramirent Plc;RMR1V.HE;Q2 2017 Ramirent Oyj Earnings Call;EIMO OYJ;BAD
6568542;Ramirent Plc;RMR1V.HE;Q3 2017 Ramirent Oyj Earnings Call;EIMO OYJ;BAD
11522161;Ramirent Plc;RMR1V.HE;Q4 2018 Ramirent Oyj Earnings Call;EIMO OYJ;BAD
11522163;Ramirent Plc;RMR1V.HE;Q1 2019 Ramirent Oyj Earnings Call;EIMO OYJ;BAD
10609770;Ramirent Plc;RMR1V.HE;Q1 2018 Ramirent Oyj Earnings Call;EIMO OYJ;BAD
10609773;Ramirent Plc;RMR1V.HE;Q2 2018 Ramirent Oyj Earnings Call;EIMO OYJ;BAD
10609780;Ramirent Plc;RMR1V.HE;Q3 2018 Ramirent Oyj Earnings Call;EIMO OYJ;BAD
10609764;Ramirent Plc;RMR1V.HE;Q4 2017 Ramirent Oyj Earnings Call;EIMO OYJ;BAD
5618765;Ramsay Health Care Ltd;RHC.AX;Interim 2015 Ramsay Health Care Ltd Earnings Call;XOMA LTD;BAD
5780007;Ramsay Health Care Ltd;RHC.AX;Preliminary 2015 Ramsay Health Care Ltd Earnings Call;XOMA LTD;BAD
4731085;Ramsay Health Care Ltd;RHC.AX;Interim 2012 Ramsay Health Care Ltd Earnings Conference Call;XOMA LTD;BAD
10823112;Ramsay Health Care Ltd;RHC.AX;Preliminary 2017 Ramsay Health Care Ltd Earnings Call;XOMA LTD;BAD
6071093;Ramsay Health Care Ltd;RHC.AX;Preliminary 2016 Ramsay Health Care Ltd Earnings Call;XOMA LTD;BAD
5920828;Ramsay Health Care Ltd;RHC.AX;Interim 2016 Ramsay Health Care Ltd Earnings Call;XOMA LTD;BAD
1902635;Ramtron International Corp;RMTR.O^K12;Q2 2008 Ramtron International Earnings Conference Call;RAMTRON INTERNATIONAL CORP;
1826097;Ramtron International Corp;RMTR.O^K12;Q1 2008 Ramtron International Earnings Conference Call;RAMTRON INTERNATIONAL CORP;
1750067;Ramtron International Corp;RMTR.O^K12;Q4 2007 Ramtron International Earnings Conference Call;RAMTRON INTERNATIONAL CORP;
1984906;Ramtron International Corp;RMTR.O^K12;Q3 2008 Ramtron International Earnings Conference Call;RAMTRON INTERNATIONAL CORP;
1400462;Ramtron International Corp;RMTR.O^K12;Q3 2006 Ramtron International Earnings Conference Call;RAMTRON INTERNATIONAL CORP;
1199406;Ramtron International Corp;RMTR.O^K12;Q4 2005 Ramtron International Earnings Conference Call;RAMTRON INTERNATIONAL CORP;
1352516;Ramtron International Corp;RMTR.O^K12;Q2 2006 Ramtron International Earnings Conference Call;RAMTRON INTERNATIONAL CORP;
1299702;Ramtron International Corp;RMTR.O^K12;Q1 2006 Ramtron International Earnings Conference Call;RAMTRON INTERNATIONAL CORP;
1601565;Ramtron International Corp;RMTR.O^K12;Q2 2007 Ramtron International Earnings Conference Call;RAMTRON INTERNATIONAL CORP;
1669161;Ramtron International Corp;RMTR.O^K12;Q3 2007 Ramtron International Earnings Conference Call;RAMTRON INTERNATIONAL CORP;
1530091;Ramtron International Corp;RMTR.O^K12;Q1 2007 Ramtron International Earnings Conference Call;RAMTRON INTERNATIONAL CORP;
1463054;Ramtron International Corp;RMTR.O^K12;Q4 2006 Ramtron International Earnings Conference Call;RAMTRON INTERNATIONAL CORP;
2074915;Ramtron International Corp;RMTR.O^K12;Q4 2008 Ramtron International Earnings Conference Call;RAMTRON INTERNATIONAL CORP;
2162947;Ramtron International Corp;RMTR.O^K12;Q1 2009 Ramtron International Earnings Conference Call;RAMTRON INTERNATIONAL CORP;
2316083;Ramtron International Corp;RMTR.O^K12;Q2 2009 Ramtron International Earnings Conference Call;RAMTRON INTERNATIONAL CORP;
2482493;Ramtron International Corp;RMTR.O^K12;Q3 2009 Ramtron International Earnings Conference Call;RAMTRON INTERNATIONAL CORP;
3414758;Ramtron International Corp;RMTR.O^K12;Q3 2010 Ramtron International Earnings Conference Call;RAMTRON INTERNATIONAL CORP;
3227970;Ramtron International Corp;RMTR.O^K12;Q2 2010 Ramtron International Earnings Conference Call;RAMTRON INTERNATIONAL CORP;
3019993;Ramtron International Corp;RMTR.O^K12;Q1 2010 Ramtron International Earnings Conference Call;RAMTRON INTERNATIONAL CORP;
2704788;Ramtron International Corp;RMTR.O^K12;Q4 2009 Ramtron International Earnings Conference Call;RAMTRON INTERNATIONAL CORP;
3701867;Ramtron International Corp;RMTR.O^K12;Q4 2010 Ramtron International Earnings Conference Call;RAMTRON INTERNATIONAL CORP;
1152253;Ramtron International Corp;RMTR.O^K12;Q3 2005 Ramtron International Earnings Conference Call;RAMTRON INTERNATIONAL CORP;
1103386;Ramtron International Corp;RMTR.O^K12;Q2 2005 Ramtron International Earnings Conference Call;RAMTRON INTERNATIONAL CORP;
1052554;Ramtron International Corp;RMTR.O^K12;Q1 2005 Ramtron International Earnings Conference Call;RAMTRON INTERNATIONAL CORP;
1009925;Ramtron International Corp;RMTR.O^K12;Q4 2004 Ramtron International Earnings Conference Call;RAMTRON INTERNATIONAL CORP;
765807;Ramtron International Corp;RMTR.O^K12;Q2 2003 Ramtron International Earnings Conference Call;RAMTRON INTERNATIONAL CORP;
795291;Ramtron International Corp;RMTR.O^K12;Q3 2003 Ramtron International Earnings Conference Call;RAMTRON INTERNATIONAL CORP;
876480;Ramtron International Corp;RMTR.O^K12;Q1 2004 Ramtron International Earnings Conference Call;RAMTRON INTERNATIONAL CORP;
952339;Ramtron International Corp;RMTR.O^K12;Q3 2004 Ramtron International Earnings Conference Call;RAMTRON INTERNATIONAL CORP;
844172;Ramtron International Corp;RMTR.O^K12;Q4 2003 Ramtron International Earnings Conference Call;RAMTRON INTERNATIONAL CORP;
915820;Ramtron International Corp;RMTR.O^K12;Q2 2004 Ramtron International Earnings Conference Call;RAMTRON INTERNATIONAL CORP;
4726312;Ramtron International Corp;RMTR.O^K12;Q4 2011 Ramtron International Corp. Earnings Conference Call;RAMTRON INTERNATIONAL CORP;
4780609;Ramtron International Corp;RMTR.O^K12;Q1 2012 Ramtron International Corp. Earnings Conference Call;RAMTRON INTERNATIONAL CORP;
4860500;Ramtron International Corp;RMTR.O^K12;Q2 2012 Ramtron International Corp. Earnings Conference Call;RAMTRON INTERNATIONAL CORP;
4211609;Ramtron International Corp;RMTR.O^K12;Q3 2011 Ramtron International Corp Earnings Conference Call;RAMTRON INTERNATIONAL CORP;
4150699;Ramtron International Corp;RMTR.O^K12;Q2 2011 Ramtron International Corp Earnings Conference Call;RAMTRON INTERNATIONAL CORP;
3945519;Ramtron International Corp;RMTR.O^K12;Q1 2011 Ramtron International Corp Earnings Conference Call;RAMTRON INTERNATIONAL CORP;
12833706;Rand Capital Corp;RAND;Q3 2019 Rand Capital Corp Earnings Call;RAND CAPITAL CORP;
13050315;Rand Capital Corp;RAND.OQ;Q4 2019 Rand Capital Corp Earnings Call;RAND CAPITAL CORP;
13458569;Rand Capital Corp;RAND.OQ;Q3 2020 Rand Capital Corp Earnings Call;RAND CAPITAL CORP;
13309829;Rand Capital Corp;RAND.OQ;Q2 2020 Rand Capital Corp Earnings Call;RAND CAPITAL CORP;
13144846;Rand Capital Corp;RAND.OQ;Q1 2020 Rand Capital Corp Earnings Call;RAND CAPITAL CORP;
1885720;Rand Logistics Inc;RLOG;Rand Logistics Fiscal Year 2008 Financial Results Conference Call;ADMIRAL FINANCIAL CORP;BAD
5460058;Rand Logistics Inc;RLOG;Q1 2015 Rand Logistics Inc Earnings Call;RAND LOGISTICS INC;
10689642;Rand Logistics Inc;RLOG;Q4 2017 Rand Logistics Inc Earnings Call;RAND LOGISTICS INC;
10819986;Rand Logistics Inc;RLOG;Q1 2018 Rand Logistics Inc Earnings Call;RAND LOGISTICS INC;
4140568;Rand Logistics Inc;RLOG;Q4 2011 Rand Logistics, Inc Earnings Conference Call;RAND LOGISTICS INC;
4239319;Rand Logistics Inc;RLOG;Q2 2012 Rand Logistics Inc Earnings Conference Call;RAND LOGISTICS INC;
4171635;Rand Logistics Inc;RLOG;Q1 2012 Rand Logistics Inc Earnings Conference Call;RAND LOGISTICS INC;
6063590;Rand Logistics Inc;RLOG;Q1 2017 Rand Logistics Inc Earnings Call;RAND LOGISTICS INC;
3736587;Rand Worldwide Inc;RWWI;Q2 2011 RAND WORLDWIDE INC Earnings Conference Call;ENERGY INC;
4722692;Rand Worldwide Inc;RWWI;Q2 2012 Rand Worldwide Earnings Conference Call;WORLDWIDE XCEED GROUP INC;BAD
4912194;Rand Worldwide Inc;RWWI;Q4 2012 Rand Worldwide Earnings Conference Call;WORLDWIDE XCEED GROUP INC;BAD
4946109;Rand Worldwide Inc;RWWI;Q1 2013 Rand Worldwide Earnings Conference Call;WORLDWIDE XCEED GROUP INC;BAD
4202263;Rand Worldwide Inc;RWWI;Rand Worldwide Inc Reports Fiscal Year 2011 Results;OPTIMUM MANUFACTURING INC;BAD
4235539;Rand Worldwide Inc;RWWI;Q1 2012 Rand Worldwide Inc Earnings Conference Call;ENERGY INC;BAD
4039934;Rand Worldwide Inc;RWWI;Q3 2011 Rand Worldwide Inc Earnings Conference Call;ENERGY INC;BAD
2163942;Barrick Gold (Holdings) Ltd;RRS.L;Q1 2009 Randgold Resources Limited International Earnings Conference Call;RANDGOLD RESOURCES LTD;
2260277;Barrick Gold (Holdings) Ltd;RRS.L;Q2 2009 Randgold Resources Limited International Earnings Conference Call;RANDGOLD RESOURCES LTD;
2291244;Barrick Gold (Holdings) Ltd;RRS.L;Randgold Resources Limited Earnings Presentation - London;RANDGOLD RESOURCES LTD;
1889652;Barrick Gold (Holdings) Ltd;RRS.L;Q2 2008 Randgold Resources Limited Earnings Presentation;RANDGOLD RESOURCES LTD;
1889654;Barrick Gold (Holdings) Ltd;RRS.L;Q2 2008 Randgold Resources Limited Earnings Conference Call;RANDGOLD RESOURCES LTD;
1817573;Barrick Gold (Holdings) Ltd;RRS.L;Q1 2008 Randgold Resources Limited Earnings Conference Call;RANDGOLD RESOURCES LTD;
1817568;Barrick Gold (Holdings) Ltd;RRS.L;Q1 2008 Randgold Resources Limited Earnings Presentation;RANDGOLD RESOURCES LTD;
1724532;Barrick Gold (Holdings) Ltd;RRS.L;Q4 2007 Randgold Resources Limited Earnings Presentation;RANDGOLD RESOURCES LTD;
1724536;Barrick Gold (Holdings) Ltd;RRS.L;Q4 2007 Randgold Resources Limited Earnings Conference Call;RANDGOLD RESOURCES LTD;
1983785;Barrick Gold (Holdings) Ltd;RRS.L;Q3 2008 Randgold Resources Limited Earnings Presentation;RANDGOLD RESOURCES LTD;
1991481;Barrick Gold (Holdings) Ltd;RRS.L;Q3 2008 Randgold Resources Limited Earnings Conference Call;RANDGOLD RESOURCES LTD;
1399506;Barrick Gold (Holdings) Ltd;RRS.L;Q3 2006 Randgold Resources Limited Earnings Conference Call;RANDGOLD RESOURCES LTD;
1201001;Barrick Gold (Holdings) Ltd;RRS.L;Q4 2005 Randgold Resources Limited Earnings Conference Call;RANDGOLD RESOURCES LTD;
1350352;Barrick Gold (Holdings) Ltd;RRS.L;Q2 2006 Randgold Resources Limited Earnings Conference Call;RANDGOLD RESOURCES LTD;
1298543;Barrick Gold (Holdings) Ltd;RRS.L;Q1 2006 Randgold Resources Limited Earnings Conference Call;RANDGOLD RESOURCES LTD;
1528428;Barrick Gold (Holdings) Ltd;RRS.L;Q1 2007 Randgold Resources Limited Earnings Conference Call;RANDGOLD RESOURCES LTD;
1597465;Barrick Gold (Holdings) Ltd;RRS.L;Q2 2007 Randgold Resources Limited Earnings Conference Call;RANDGOLD RESOURCES LTD;
1455565;Barrick Gold (Holdings) Ltd;RRS.L;Q4 2006 Randgold Resources Limited Earnings Conference Call;RANDGOLD RESOURCES LTD;
1597468;Barrick Gold (Holdings) Ltd;RRS.L;Q2 2007 Randgold Resources Limited Earnings Presentation;RANDGOLD RESOURCES LTD;
1664891;Barrick Gold (Holdings) Ltd;RRS.L;Q3 2007 Randgold Resources Limited Earnings Presentation;RANDGOLD RESOURCES LTD;
1528425;Barrick Gold (Holdings) Ltd;RRS.L;Q1 2007 Randgold Resources Limited Earnings Presentation;RANDGOLD RESOURCES LTD;
1664892;Barrick Gold (Holdings) Ltd;RRS.L;Q3 2007 Randgold Resources Limited Earnings Conference Call;RANDGOLD RESOURCES LTD;
2477525;Barrick Gold (Holdings) Ltd;RRS.L;Q3 2009 Randgold Resources Limited Earnings Presentation;RANDGOLD RESOURCES LTD;
2075414;Barrick Gold (Holdings) Ltd;RRS.L;Q4 2008 Randgold Resources Limited Results Presentation;RANDGOLD RESOURCES LTD;
2477536;Barrick Gold (Holdings) Ltd;RRS.L;Q3 2009 Randgold Resources Limited Earnings Conference Call;RANDGOLD RESOURCES LTD;
2066150;Barrick Gold (Holdings) Ltd;RRS.L;Q4 2008 Randgold Resources Limited Earnings Conference Call;RANDGOLD RESOURCES LTD;
3244028;Barrick Gold (Holdings) Ltd;RRS.L;Q2 2010 Randgold Resources Limited Earnings Presentation;RANDGOLD RESOURCES LTD;
3036736;Barrick Gold (Holdings) Ltd;RRS.L;Q1 2010 Randgold Resources Limited Earnings Conference Call;RANDGOLD RESOURCES LTD;
2688805;Barrick Gold (Holdings) Ltd;RRS.L;Q4 2009 Randgold Resources Limited Earnings Conference Call;RANDGOLD RESOURCES LTD;
3432909;Barrick Gold (Holdings) Ltd;RRS.L;Q3 2010 Randgold Resources Limited Earnings Conference Call;RANDGOLD RESOURCES LTD;
2688789;Barrick Gold (Holdings) Ltd;RRS.L;Q4 2009 Randgold Resources Limited Earnings Presentation;RANDGOLD RESOURCES LTD;
3244019;Barrick Gold (Holdings) Ltd;RRS.L;Q2 2010 Randgold Resources Limited Earnings Conference Call;RANDGOLD RESOURCES LTD;
3036719;Barrick Gold (Holdings) Ltd;RRS.L;Q1 2010 Randgold Resources Limited Earnings Presentation;RANDGOLD RESOURCES LTD;
3432892;Barrick Gold (Holdings) Ltd;RRS.L;Q3 2010 Randgold Resources Limited Earnings Presentation;RANDGOLD RESOURCES LTD;
3713189;Barrick Gold (Holdings) Ltd;RRS.L;Q4 2010 Randgold Resources Limited Earnings Presentation;RANDGOLD RESOURCES LTD;
1100929;Barrick Gold (Holdings) Ltd;RRS.L;Q2 2005 Randgold Resources Limited Earnings Conference Call;RANDGOLD RESOURCES LTD;
1000774;Barrick Gold (Holdings) Ltd;RRS.L;Q4 2004 Randgold Resources Limited Earnings Release Conference Call;RANDGOLD RESOURCES LTD;
1049880;Barrick Gold (Holdings) Ltd;RRS.L;Q1 2005 Randgold Resources Limited Earnings Conference Call;RANDGOLD RESOURCES LTD;
801644;Barrick Gold (Holdings) Ltd;RRS.L;Q3 2003 Randgold Resources Limited Earnings Release Conference Call;RANDGOLD RESOURCES LTD;
767255;Barrick Gold (Holdings) Ltd;RRS.L;Q2 2003 Randgold Resources Limited Earnings Conference Call;RANDGOLD RESOURCES LTD;
840222;Barrick Gold (Holdings) Ltd;RRS.L;Q4 2003 Randgold Resources Limited Earnings Conference Call;RANDGOLD RESOURCES LTD;
944614;Barrick Gold (Holdings) Ltd;RRS.L;Q3 2004 Randgold Resources Limited Earnings Conference Call;RANDGOLD RESOURCES LTD;
872564;Barrick Gold (Holdings) Ltd;RRS.L;Q1 2004 Randgold Resources Limited Earnings Presentation;RANDGOLD RESOURCES LTD;
924108;Barrick Gold (Holdings) Ltd;RRS.L;Q2 2004 Randgold Resources Limited Earnings Conference Call;RANDGOLD RESOURCES LTD;
5674386;Barrick Gold (Holdings) Ltd;RRS.L;Q1 2015 Randgold Resources Ltd Earnings Earnings Call;RANDGOLD RESOURCES LTD;
5180388;Barrick Gold (Holdings) Ltd;RRS.L;Q3 2013 Randgold Resources Ltd Earnings Conference Call;RANDGOLD RESOURCES LTD;
5038131;Barrick Gold (Holdings) Ltd;RRS.L;Q1 2013 Randgold Resources Ltd Earnings Presentation;RANDGOLD RESOURCES LTD;
5180391;Barrick Gold (Holdings) Ltd;RRS.L;Q3 2013 Randgold Resources Ltd Earnings Presentation;RANDGOLD RESOURCES LTD;
5038129;Barrick Gold (Holdings) Ltd;RRS.L;Q1 2013 Randgold Resources Ltd Earnings Conference Call;RANDGOLD RESOURCES LTD;
4969591;Barrick Gold (Holdings) Ltd;RRS.L;Q4 2012 Randgold Resources Ltd Earnings Conference Call;RANDGOLD RESOURCES LTD;
4963228;Barrick Gold (Holdings) Ltd;RRS.L;Q4 2012 Randgold Resources Ltd Earnings Presentation;RANDGOLD RESOURCES LTD;
5120755;Barrick Gold (Holdings) Ltd;RRS.L;Q2 2013 Randgold Resources Ltd Earnings Presentation;RANDGOLD RESOURCES LTD;
5120751;Barrick Gold (Holdings) Ltd;RRS.L;Q2 2013 Randgold Resources Ltd Earnings Conference Call;RANDGOLD RESOURCES LTD;
5452880;Barrick Gold (Holdings) Ltd;RRS.L;Q2 2014 Randgold Resources Ltd Earnings Presentation;RANDGOLD RESOURCES LTD;
5431848;Barrick Gold (Holdings) Ltd;RRS.L;Q2 2014 Randgold Resources Ltd Earnings Call;RANDGOLD RESOURCES LTD;
5297374;Barrick Gold (Holdings) Ltd;RRS.L;Q1 2014 Randgold Resources Ltd Earnings Presentation;RANDGOLD RESOURCES LTD;
5242247;Barrick Gold (Holdings) Ltd;RRS.L;Q4 2013 Randgold Resources Ltd Earnings Presentation;RANDGOLD RESOURCES LTD;
5242246;Barrick Gold (Holdings) Ltd;RRS.L;Q4 2013 Randgold Resources Ltd Earnings Conference Call;RANDGOLD RESOURCES LTD;
5325336;Barrick Gold (Holdings) Ltd;RRS.L;Q1 2014 Randgold Resources Ltd Earnings Conference Call;RANDGOLD RESOURCES LTD;
5501064;Barrick Gold (Holdings) Ltd;RRS.L;Q3 2014 Randgold Resources Ltd Earnings Conference Call;RANDGOLD RESOURCES LTD;
5568714;Barrick Gold (Holdings) Ltd;RRS.L;Q4 2014 Randgold Resources Ltd Earnings Presentation (London);RANDGOLD RESOURCES LTD;
5757106;Barrick Gold (Holdings) Ltd;RRS.L;Q2 2015 Randgold Resources Ltd Earnings Presentation;RANDGOLD RESOURCES LTD;
5674378;Barrick Gold (Holdings) Ltd;RRS.L;Q1 2015 Randgold Resources Ltd Earnings Presentation;RANDGOLD RESOURCES LTD;
5568763;Barrick Gold (Holdings) Ltd;RRS.L;Q4 2014 Randgold Resources Ltd Earnings Presentation(Cape Town );RANDGOLD RESOURCES LTD;
5829847;Barrick Gold (Holdings) Ltd;RRS.L;Q3 2015 Randgold Resources Ltd Earnings Call;RANDGOLD RESOURCES LTD;
5568722;Barrick Gold (Holdings) Ltd;RRS.L;Q4 2014 Randgold Resources Ltd Earnings Conference Call;RANDGOLD RESOURCES LTD;
5829867;Barrick Gold (Holdings) Ltd;RRS.L;Q3 2015 Randgold Resources Ltd Earnings Presentation;RANDGOLD RESOURCES LTD;
5757112;Barrick Gold (Holdings) Ltd;RRS.L;Q2 2015 Randgold Resources Ltd Earnings Call;RANDGOLD RESOURCES LTD;
4920085;Barrick Gold (Holdings) Ltd;RRS.L;Q3 2012 Randgold Resources Ltd Earnings Conference Call;RANDGOLD RESOURCES LTD;
4778014;Barrick Gold (Holdings) Ltd;RRS.L;Q1 2012 Randgold Resources Ltd Earnings Presentation;RANDGOLD RESOURCES LTD;
4778057;Barrick Gold (Holdings) Ltd;RRS.L;Q1 2012 Randgold Resources Ltd Earnings Conference Call;RANDGOLD RESOURCES LTD;
4851055;Barrick Gold (Holdings) Ltd;RRS.L;Q2 2012 Randgold Resources Ltd Earnings Presentation;RANDGOLD RESOURCES LTD;
4920088;Barrick Gold (Holdings) Ltd;RRS.L;Q3 2012 Randgold Resources Ltd Earnings Presentation;RANDGOLD RESOURCES LTD;
4851067;Barrick Gold (Holdings) Ltd;RRS.L;Q2 2012 Randgold Resources Ltd Earnings Conference Call;RANDGOLD RESOURCES LTD;
4717333;Barrick Gold (Holdings) Ltd;RRS.L;Q4 2011 Randgold Resources Ltd Earnings Conference Call;RANDGOLD RESOURCES LTD;
10854693;Barrick Gold (Holdings) Ltd;RRS.L;Q3 2017 Randgold Resources Ltd Earnings Call;RANDGOLD RESOURCES LTD;
10202767;Barrick Gold (Holdings) Ltd;RRS.L;Q1 2017 Randgold Resources Ltd Earnings Call;RANDGOLD RESOURCES LTD;
10202685;Barrick Gold (Holdings) Ltd;RRS.L;Q1 2017 Randgold Resources Ltd Earnings Call;RANDGOLD RESOURCES LTD;
11001908;Barrick Gold (Holdings) Ltd;RRS.L;Q3 2017 Randgold Resources Ltd Earnings Call;RANDGOLD RESOURCES LTD;
7238147;Barrick Gold (Holdings) Ltd;RRS.L;Q4 2016 Randgold Resources Ltd Earnings Presentation (London);RANDGOLD RESOURCES LTD;
10438101;Barrick Gold (Holdings) Ltd;RRS.L;Q2 2017 Randgold Resources Ltd Earnings Presentation;RANDGOLD RESOURCES LTD;
7238808;Barrick Gold (Holdings) Ltd;RRS.L;Q4 2016 Randgold Resources Ltd Earnings Call;RANDGOLD RESOURCES LTD;
10720452;Barrick Gold (Holdings) Ltd;RRS.L;Q2 2017 Randgold Resources Ltd Earnings Call;RANDGOLD RESOURCES LTD;
11458125;Barrick Gold (Holdings) Ltd;RRS.L;Q1 2018 Randgold Resources Ltd Earnings International Investor Call;RANDGOLD RESOURCES LTD;
11639126;Barrick Gold (Holdings) Ltd;RRS.L;Q2 2018 Randgold Resources Ltd Earnings Call;RANDGOLD RESOURCES LTD;
11639124;Barrick Gold (Holdings) Ltd;RRS.L;Q2 2018 Randgold Resources Ltd Earnings Presentation;RANDGOLD RESOURCES LTD;
12075609;Barrick Gold (Holdings) Ltd;RRS.L;Q3 2018 Randgold Resources Ltd Earnings Call;RANDGOLD RESOURCES LTD;
11190780;Barrick Gold (Holdings) Ltd;RRS.L;Q4 2017 Randgold Resources Ltd Earnings Call;RANDGOLD RESOURCES LTD;
11459081;Barrick Gold (Holdings) Ltd;RRS.L;Q1 2018 Randgold Resources Ltd Earnings Presentation;RANDGOLD RESOURCES LTD;
;;;;;911
